-0.465730,0.241962,-1.913280,-1.724918,-0.562288,-1.012831,0.314247,-0.908024,-1.412304,1.465649
-0.225776,0.067528,-1.424748,-0.544383,0.110923,-1.150994,0.375698,-0.600639,-0.291694,-0.601707
1.852278,-0.013497,-1.057711,0.822545,-1.220844,0.208864,-1.959670,-1.328186,0.196861,0.738467
0.171368,-0.115648,-0.301104,-1.478522,-0.719844,-0.460639,1.057122,0.343618,-1.763040,0.324084
-0.385082,-0.676922,0.611676,1.031000,0.931280,-0.839218,-0.309212,0.331263,0.975545,-0.479174
-0.185659,-1.106335,-1.196207,0.812526,1.356240,-0.072010,1.003533,0.361636,-0.645120,0.361396
1.538037,-0.035826,1.564644,-2.619745,0.821903,0.087047,-0.299007,0.091761,-1.987569,-0.219672
0.357113,1.477894,-0.518270,-0.808494,-0.501757,0.915402,0.328751,-0.529760,0.513267,0.097078
0.968645,-0.702053,-0.327662,-0.392108,-1.463515,0.296120,0.261055,0.005113,-0.234587,-1.415371
-0.420645,-0.342715,-0.802277,-0.161286,0.404051,1.886186,0.174578,0.257550,-0.074446,-1.918771
-0.026514,0.060230,2.463242,-0.192361,0.301547,-0.034712,-1.168678,1.142823,0.751933,0.791032
-0.909387,1.402794,-1.401851,0.586857,2.190456,-0.990536,-0.566298,0.099651,-0.503476,-1.550663
0.068563,-1.062304,0.473592,-0.919424,1.549934,-0.783253,-0.322062,0.813517,-1.230864,0.227460
1.307143,-1.607483,0.184634,0.259883,0.781823,-1.236951,-1.320457,0.521942,0.296985,0.250493
0.346448,-0.680025,0.232254,0.293072,-0.714351,1.865775,0.473833,-1.191303,0.656554,-0.974682
0.787085,1.158596,-0.820682,0.963376,0.412781,0.822060,1.896793,-0.245388,-0.753736,-0.889514
-0.815810,-0.077102,0.341152,0.276691,0.827183,0.013002,1.453534,-0.264657,2.720169,0.625667
-0.857158,-1.070892,0.482472,-0.223463,0.714000,0.473238,-0.072829,-0.846794,-1.514847,-0.446515
0.856399,0.214094,-1.245739,0.173181,0.385317,-0.883857,0.153725,0.058209,-1.142970,0.357787
0.560785,1.083051,1.053802,-1.377669,-0.937825,0.515035,0.513786,0.515048,3.852731,0.570891
1.135566,0.954002,0.651391,-0.315269,0.758969,-0.772825,-0.236819,-0.485364,0.081874,2.314659
-1.867265,0.686260,-1.612716,-0.471932,1.088951,0.064280,-1.077745,-0.715304,0.679598,-0.730367
0.216459,0.045572,-0.651600,2.143944,0.633919,-2.025143,0.186454,-0.661786,0.852433,-0.792521
-0.114736,0.504987,0.865755,-1.200296,-0.334501,-0.474945,-0.653329,1.765454,0.404982,-1.260884
0.917862,2.122156,1.032465,-1.519370,-0.484234,1.266911,-0.707669,0.443819,0.774634,-0.926930
-0.059525,-3.241267,-1.024388,-0.252568,-1.247783,1.632411,-1.430141,-0.440044,0.130741,1.441273
-1.435862,1.163164,0.010233,-0.981509,0.462103,0.199060,-0.600217,0.069802,-0.385314,0.113517
0.662131,1.586017,-1.237815,2.133033,-1.952088,-0.151785,0.588317,0.280992,-0.622700,-0.208122
-0.493001,-0.589365,0.849602,0.357015,-0.692910,0.899600,0.307300,0.812862,0.629629,-0.828995
-0.560181,0.747294,0.610370,-0.020902,0.117327,1.277665,-0.591571,0.547097,-0.202193,-0.217681
1.098777,0.825416,0.813510,1.305479,0.021004,0.681953,-0.310267,0.324166,-0.130143,0.096996
0.595157,-0.818221,2.092387,-1.006017,-1.214189,1.158111,0.791663,0.624120,0.628346,-0.012247
-0.897254,0.075805,-0.677162,0.975120,-0.147057,-0.825497,-0.321386,0.412931,-0.563725,-0.822220
0.243687,0.244967,-0.506943,-0.471038,0.232050,-1.448084,-1.407464,-0.718444,-0.213447,0.310908
1.475356,0.857660,-0.159939,-0.019016,-1.002529,-0.018513,-0.288659,0.322719,-0.827231,0.519347
1.532739,-0.108760,0.401712,0.690144,-0.401220,0.224092,0.012592,0.097676,-0.773010,0.024510
0.497998,1.451144,0.959271,2.153182,-0.767348,0.872321,0.183342,2.189803,-0.808298,-0.839722
-0.599393,-2.123896,-0.525755,-0.759133,0.150394,0.341756,1.876171,0.950424,-0.576904,-0.898415
0.491919,-1.320233,1.831459,1.179440,-0.469176,-1.713135,1.353872,-0.114540,1.237816,-1.594428
-0.599375,0.005244,0.046981,-0.450065,0.622850,-1.067620,-0.142379,0.120296,0.514439,0.711615
-1.124642,-1.534114,1.277677,0.332314,-0.748487,1.551152,0.115675,1.179297,0.067518,2.060748
1.755341,-0.248964,0.971571,0.645376,1.368632,-0.964923,0.686051,1.058424,-1.758739,-1.183259
-2.039232,-0.269407,0.717542,1.502357,0.074095,1.628616,-1.380101,-1.703382,-0.055548,0.384065
-0.032695,-2.067442,-0.089120,-1.304470,0.669673,0.366598,-0.939880,-0.513867,-1.059214,-0.062679
0.955142,-0.985726,0.504047,-0.530258,-0.792873,-0.107030,-1.035242,-0.553649,-1.197878,1.964725
0.035264,-0.699726,0.213980,-0.112328,-0.220970,0.614167,0.757508,-0.530501,-0.575818,-0.275052
-2.301921,-1.515191,1.366874,1.644968,-0.249036,0.576557,0.311250,3.078881,1.119575,-0.127918
-0.955540,-1.606446,0.203464,-0.756351,-1.422254,-0.646573,-1.081548,1.687142,0.881640,-0.007973
1.479944,0.077368,-0.861284,1.523124,0.538910,-1.037246,-0.190339,-0.875618,-1.382800,0.926178
1.909417,-1.398568,0.562969,-0.650643,-0.487125,-0.592394,-0.863991,0.048522,-0.830950,0.270457
-0.050238,-0.238948,-0.907564,-0.576771,0.755391,0.500917,-0.977555,0.099332,0.751387,-1.669405
0.543360,-0.662624,0.570599,-0.763259,-1.804882,-1.627542,0.048085,0.259723,-0.904317,0.638592
-1.661520,-0.066080,-1.211016,-0.651836,0.047399,-0.860413,-0.384556,1.006293,-0.576892,0.835692
-1.129707,0.529804,1.441569,-2.471645,-0.796895,0.577072,-0.203045,0.371146,-0.603985,0.086590
-0.155677,1.167782,0.254421,0.337603,-0.411877,-0.487606,-0.432558,0.394452,-0.420984,0.289775
2.075401,0.871125,-0.326024,1.201214,-0.408075,-2.038125,-1.008086,-1.870792,-0.351513,0.018418
1.676437,0.326927,-0.219101,0.829406,-2.211135,0.235615,0.770865,-1.478586,1.143754,0.338496
-0.415288,0.632782,2.270693,0.181866,0.248221,-0.459361,-0.849844,0.830336,-0.856084,0.071566
-0.477657,0.478980,0.333662,1.037540,-0.510016,-0.269875,-0.978764,-0.444293,0.377300,0.756989
-0.922165,0.869606,1.355638,0.413435,1.876796,-0.773789,-1.244655,-1.778720,1.496044,0.654366
-0.055585,0.279969,-1.125489,2.445752,0.129221,0.109395,0.725767,0.481009,0.223884,-0.790474
0.471468,1.882024,1.345420,1.593187,-0.511216,-0.989605,-0.125787,0.055725,1.094192,-1.692465
1.529550,-0.158008,-0.426881,-1.012104,-1.654857,0.823171,0.073318,-1.289961,-1.295079,-0.335785
1.669022,-0.259591,-1.503143,-0.245743,-0.272724,-2.696887,-0.054295,-0.230935,0.696206,1.848956
1.126565,-0.268889,-1.106526,2.573360,0.059218,0.013929,-0.024125,0.198085,-0.144360,-0.573662
-0.546859,-0.032753,-0.543425,-0.712846,0.106430,-0.254977,1.503993,-2.650970,1.091507,1.246085
-2.073390,-0.342688,-0.371441,-1.407512,-0.777817,-1.110576,1.752270,0.935678,1.271555,0.721672
-1.129052,-0.524520,0.489375,-1.222128,0.712998,-0.240325,-0.374821,0.710960,0.444263,-0.360966
1.159330,-1.081063,0.615936,0.593101,-0.309546,0.326133,-1.251114,0.924027,-0.184902,-0.522723
1.049009,-0.704344,-1.408461,-1.556629,0.606010,-1.280429,1.754794,-2.081929,1.696456,0.211017
-0.096713,-0.544919,0.399136,-0.037635,1.103302,0.114228,0.150302,-0.363612,-0.056946,0.307802
-1.710168,-1.348185,0.743264,0.170865,-0.183983,0.018434,0.347582,-0.539760,-0.778305,0.195845
-0.978373,0.408253,-1.702584,1.029156,0.472597,0.256030,0.982691,1.665474,1.014370,-1.840874
-1.279577,-0.624819,0.026091,0.517659,-0.725744,0.186767,-0.755383,-0.611518,-1.406661,-0.923233
-1.351685,-0.975873,1.053642,-0.949399,2.632382,0.493318,0.184836,-0.858358,0.700310,-0.575638
0.122010,2.560085,-0.096060,1.149273,-0.703176,-0.034988,1.770801,-0.626967,1.812449,0.707752
-0.562467,0.632408,0.972554,0.621810,-1.570225,-0.727137,-0.247519,-0.074433,0.620672,0.177701
-1.335344,0.380198,0.610586,0.559790,1.080781,0.833922,0.459180,-0.070166,-1.660961,0.429618
0.207688,0.271579,-1.276749,-1.081057,1.053153,-0.039555,0.681501,0.028318,0.029756,0.938284
-0.516045,0.096121,-0.462275,-0.434496,-0.309172,0.222134,-0.478749,1.255756,-0.894607,-0.186872
-0.439731,1.446978,0.196555,1.031845,-1.485560,0.267050,0.889631,0.082284,1.065480,-0.517288
1.409347,2.298898,-0.362839,-0.445503,1.453384,1.579572,-0.522860,-0.420187,-0.281785,-1.344451
-0.918652,-1.004141,-0.767798,-0.034685,0.234215,1.550500,-0.998354,0.984322,-0.213989,-0.049464
0.674819,-1.122722,0.382410,0.166452,0.492451,0.289169,2.455300,-0.637740,-0.530997,-0.623141
-0.555477,-0.637387,1.189017,1.420504,-0.570746,-0.832356,0.471416,-0.552223,0.632932,0.202923
-1.515744,1.547505,1.795878,-0.612789,-0.387702,0.285865,0.334457,0.658544,2.010205,-0.176947
-0.798297,-1.379319,-0.730930,-0.033127,1.794558,-0.517611,0.223788,-0.016423,1.188393,2.526932
-0.530869,-0.489439,1.044161,0.681891,1.846707,0.583928,-0.359292,0.590655,1.108704,0.820482
0.507274,1.066675,1.169296,1.382159,0.648710,-0.167118,0.146714,1.206509,-0.816936,0.368673
-0.393339,0.028745,1.278452,0.191099,0.046437,-1.359856,0.746254,0.645484,2.163255,-0.307778
0.219150,0.249384,1.577453,-0.095296,0.279022,0.607897,0.186609,-0.446434,0.194090,1.073632
-1.026515,0.132970,-0.700121,1.195047,-1.523187,-0.558922,0.377212,1.565524,-0.065750,-0.555200
1.881157,-1.448014,-2.198806,0.440014,-0.502054,-1.021233,0.708356,0.243801,-0.564079,-1.280304
0.872457,0.650201,-0.099176,1.846637,-1.070085,-1.525525,-0.691908,-0.045586,0.243339,-0.241236
0.352055,-1.251539,1.443765,-0.082151,1.117296,0.342725,0.456753,0.569767,0.447709,0.642723
1.329153,0.196521,0.709004,-0.089736,1.440117,-0.676392,1.800940,-0.040158,-1.430775,0.128104
-0.681052,0.840644,-0.652624,-0.446183,-1.889541,-0.452306,-2.423879,-1.583903,0.760415,0.785800
0.425458,-0.966976,-0.047711,-0.003603,-1.158365,1.503398,0.877362,-0.220964,0.026886,0.208383
-2.041735,-0.247177,-0.681984,-1.001620,-0.281100,1.797687,0.640843,-0.571179,0.572583,1.399355
0.924634,0.059630,-0.646937,0.698223,0.393485,0.895193,0.635172,1.049553,-0.535235,1.317394
0.197600,2.075261,-0.689188,1.735964,0.197911,-0.651418,-0.483886,-0.320347,0.424166,0.522835
-0.573700,-0.024355,2.142270,1.727543,0.436324,0.038003,0.120031,0.613518,-1.022793,-0.257377
-1.668584,0.399223,0.647196,-0.483186,1.573987,-1.225766,-1.464375,0.224452,1.047098,1.683928
-0.458884,1.078681,-0.038508,-0.172627,0.883660,0.652323,-1.576392,1.476540,1.380091,-0.625563
0.395804,0.494030,0.260674,-0.550305,-0.671623,-0.025554,1.172729,0.543600,-0.370614,0.771699
-2.848543,1.148766,-1.739714,-0.362441,-1.119670,-1.294681,1.160827,-0.467701,0.346504,-0.046921
0.477041,0.076822,-1.282992,0.996267,-0.493757,-1.556582,-0.428115,1.500760,0.850222,-0.348652
-0.349258,-0.321635,2.076748,0.381935,0.430042,1.030283,0.238789,-0.259042,-0.196350,-0.071601
-0.037222,0.727630,0.051946,0.732640,-0.080717,0.078635,-1.998201,0.916328,0.346488,0.998010
-2.896255,2.088375,-0.139590,1.108183,-1.039906,0.612774,-1.053416,-0.623769,1.914031,-0.190682
0.217433,0.870068,0.495682,0.150419,0.364961,2.403416,-0.057619,0.201099,1.050654,1.105526
1.187030,0.638730,-1.143005,1.633432,-1.146345,0.302635,-0.754276,-0.064138,0.328762,0.321357
0.421921,1.613711,0.453534,-0.244157,0.964087,1.189470,-1.227608,0.597400,0.701173,-0.297564
1.375707,-0.150056,0.125576,-0.173072,0.015579,-1.096275,-1.440051,1.594505,-0.846961,-0.991392
-2.153390,-0.638962,-1.323090,1.642015,1.009817,-0.688150,2.252436,0.981765,-0.324831,-2.499406
2.290943,-1.389572,-1.645399,1.022570,2.439752,1.384273,0.563909,0.594754,0.853416,0.758929
0.281191,0.104201,-0.062593,-0.753965,-0.280675,-1.692957,-0.098340,-0.988591,-1.103589,0.179894
1.392002,0.918317,-1.570501,-0.989628,0.940771,-0.982487,-0.224633,0.550052,-0.968344,0.105376
-1.334025,-0.601368,0.319782,-1.592994,0.440475,-0.019638,0.552490,0.223914,1.364140,0.125225
-0.429406,0.122298,0.543298,0.048860,0.040592,-0.701992,-0.662901,-1.402605,1.749577,-1.243863
-0.692905,-0.718407,0.894924,-0.294950,1.247742,-0.673491,0.278994,-0.835347,2.145149,-1.187598
0.309821,0.633777,0.413799,-0.185288,-0.129821,0.043811,-0.147002,0.963879,2.210523,-0.557492
-1.369803,-0.088282,2.579709,-0.803675,1.639117,1.677701,-0.553588,0.568983,1.628397,-0.379128
-0.203580,-0.581681,-1.014757,-0.649278,-1.223940,0.034083,-0.769973,0.233786,-1.555896,0.330880
0.833529,-1.993736,0.374057,1.227669,-1.209641,1.672572,0.419019,-0.705012,-0.055769,0.558327
0.076005,0.538756,-0.920674,0.169361,-1.413714,-0.111226,-0.903908,-0.735530,1.236093,1.091310
0.609138,-1.092313,-0.316408,1.213098,0.141717,2.319330,0.393318,0.192049,-0.309116,0.133541
-0.152470,0.708109,0.956702,-0.785989,-1.331233,-1.836205,0.507991,-1.103367,-2.152891,0.388579
2.493000,-0.006071,0.838491,0.081829,-0.098890,0.919076,-0.290275,0.267392,0.321698,-0.668090
0.992042,-0.174960,-0.755745,0.536510,-0.898468,0.028181,-0.009119,1.085896,0.474698,-0.025027
0.817766,1.390208,0.557810,0.010353,-1.311836,-1.065114,-0.305225,-0.609512,-0.186971,0.056650
0.529693,-0.070499,0.486502,0.064474,-1.975467,-0.939335,-0.144088,-1.209695,0.599929,1.530751
1.218762,-0.213443,1.490726,0.148667,-0.337086,-0.613403,-0.302470,-0.388177,0.170416,0.160574
0.003046,0.436938,1.190646,0.949554,-1.484898,-2.553921,0.934320,-1.366879,-0.224765,-1.170113
-1.801980,0.541463,0.759155,-0.576510,-2.591042,-0.546244,0.391804,-1.478912,0.183360,-0.015310
0.579291,0.119580,-0.973069,1.196572,-0.158530,-0.027305,-0.933268,-0.443282,-0.884803,-0.172946
1.711708,-1.371901,-1.613561,1.471170,-0.209324,-0.669073,1.039905,-0.605616,1.826010,0.677926
-0.487911,2.157308,-0.605715,0.742095,0.299293,1.301741,1.561511,0.032004,-0.753418,0.459972
-0.677715,2.013387,0.136535,-0.365322,0.184680,-1.347126,-0.971614,1.200414,-0.656894,-1.046911
0.536653,1.185704,0.718953,0.996048,-0.756795,-1.421811,1.501334,-0.322680,-0.250833,1.328194
0.556230,0.455888,2.165002,-0.643518,0.927840,0.057013,0.268592,1.528468,0.507836,0.538296
1.072507,-0.364953,-0.839210,-1.044809,-1.966357,2.056207,-1.103208,-0.221254,-0.276813,0.307407
0.815737,0.860473,-0.583077,-0.167122,0.282580,-0.248691,1.607346,0.490975,0.734878,0.662881
1.173474,0.181022,-1.296832,0.399688,-0.651357,-0.528617,0.586364,1.238283,0.021272,0.308833
1.702215,0.240753,2.601683,0.565510,-1.760763,0.753342,0.381158,1.289753,0.673181,-0.138456
-1.224298,-0.209023,-0.850520,-0.580523,0.588578,1.669905,0.394672,-1.195883,0.444603,1.196631
-0.609783,-0.134017,0.014688,-0.784898,0.648280,-0.120948,0.419532,-0.887492,-0.437458,0.722381
-0.372833,1.726964,-0.399636,0.224685,0.932591,-1.418366,-1.760809,-1.525656,1.262584,-0.551858
2.558199,-0.564248,0.184551,1.542110,2.006093,2.061504,1.208366,1.024063,0.592527,0.778361
-0.551186,-0.818199,-0.003374,-0.170185,-0.453228,0.696387,0.955305,0.088407,1.477530,-1.141689
-0.193659,-0.716822,-1.866537,-0.082681,-0.121748,1.513450,0.630812,-1.024187,1.854093,1.221034
0.582098,-0.226484,-0.959439,-0.372207,1.088749,1.884586,1.543244,-0.488849,-1.119617,0.140886
-1.768439,0.323168,-0.147603,-0.466037,-1.594703,0.513600,-0.532701,-1.169917,-2.872262,-0.027515
1.772252,1.661259,-0.457096,-0.602212,0.468774,-0.998385,0.301792,0.766080,1.226933,-0.100154
-0.203674,-0.877983,-0.826880,-0.226479,0.367366,0.913585,-0.803179,1.492689,-0.271124,-0.021367
-0.747212,-2.424240,0.884045,0.736844,-0.281328,0.066991,0.515939,-1.562546,-0.529053,0.794265
-1.254289,0.293558,-1.356582,0.466430,-0.035641,-1.615132,1.164739,-0.734592,-0.810252,0.200569
1.148637,-1.015822,0.061680,0.428817,0.693106,0.176442,-0.367028,-0.827590,0.086144,-1.072139
-2.921350,0.436560,0.903935,-2.362932,-1.009731,0.619154,2.057495,0.020794,-0.728003,-0.182896
1.374876,-0.645964,-0.799192,-0.482744,-0.953329,0.122670,1.624678,0.323079,-0.252354,-0.291811
-1.563191,0.883110,-0.077837,-0.180480,3.193108,0.298753,-0.751791,-0.426358,1.148446,0.113270
-1.438278,0.919229,-0.668144,1.873298,1.080048,-0.447322,1.281016,0.067856,0.852774,0.484733
-0.846357,-0.643550,1.029961,-0.334775,-0.403648,-0.955123,0.423599,2.062525,-1.067533,0.024219
1.412221,-0.079641,0.452372,-1.062394,0.428307,-0.187144,0.985730,1.187386,2.589564,0.579633
0.325796,0.194384,-0.353166,0.338484,-0.295401,0.168461,1.317598,-1.006543,1.139879,1.317115
-0.118069,-2.121855,-0.607822,1.296995,-0.022868,-0.999302,-0.504775,0.840620,0.546734,-0.238932
-0.366824,-0.391758,-0.922410,1.615376,-0.322320,1.217159,1.521316,0.998311,-0.431620,0.403730
-0.024196,-0.903702,0.324359,-1.179040,1.187679,-0.464617,0.201160,0.283288,-0.258905,0.586694
-0.474904,0.871297,-1.345980,0.126380,1.938929,-1.000331,-0.677745,0.513908,0.179582,0.350630
0.489187,0.634721,1.109700,0.409819,-0.241258,0.672574,1.899882,-0.132634,-0.974529,1.107081
-0.120381,-2.172670,0.847422,-0.535328,-0.090533,0.331980,0.190500,0.709452,-0.435486,0.513106
-0.259547,0.738810,0.615367,-0.935439,1.085982,-0.535963,0.808058,0.367287,1.838184,-0.223466
-0.349317,-0.019420,-0.303180,0.799942,-1.616311,-1.053682,-1.067803,0.950308,1.710613,-0.104449
-0.168822,0.070052,1.161878,-0.927353,0.238369,0.975198,0.501094,0.189582,1.001046,-2.703232
0.677875,-0.654076,-1.830633,0.511203,1.373659,-0.137449,0.952875,1.612278,1.314914,1.639965
0.742127,0.075434,-1.601966,-0.246062,-0.843247,2.170943,-0.175886,0.123205,0.551485,0.043602
1.695051,-0.622649,0.194607,-0.742471,-1.320023,-0.611769,-0.037037,-0.429302,-0.692421,-1.406317
-0.083106,-1.504720,0.760056,0.082440,-1.457551,-0.309209,-0.752156,0.319175,1.340450,-1.875172
0.115026,-0.160133,0.671340,0.213197,-0.751969,-0.319054,-0.796026,1.076007,0.021312,1.901191
-0.060661,-0.708407,-1.513714,-1.803140,-1.584136,0.267127,0.508725,-1.581191,0.895038,-0.483061
0.146793,1.612221,0.896839,-0.268531,-0.891192,-2.151815,-0.719153,-0.211130,-0.987180,-0.131257
0.076852,-0.224856,-0.650003,0.168655,0.441941,-1.090399,1.410932,-0.098588,0.018850,0.708214
0.233216,0.953137,0.287124,-0.612437,0.361504,-1.143726,0.108560,-0.033230,-0.208117,-0.128538
-1.881849,-0.548725,0.092845,0.159856,-1.027675,1.265708,-0.866175,0.969457,0.427194,-0.646227
1.775311,-1.193637,0.919154,1.000582,-0.670620,1.392465,-0.250047,0.288694,0.260322,-0.134309
0.810808,0.793489,-1.748532,1.304340,-1.662492,1.032546,1.126705,-1.090966,-0.410814,-1.105705
-0.214921,-0.308034,0.779661,1.310309,1.395684,-0.562168,-0.209222,-1.683438,-0.805870,0.964852
1.615583,-1.234349,-0.592464,-0.026406,0.280161,-0.809604,0.424061,-0.473839,-0.014452,0.546284
0.006422,-0.436386,-0.109610,-0.088363,-0.370011,-0.258796,1.598647,0.560919,-0.295480,0.696954
-0.333819,1.173125,0.369642,-0.107302,0.447717,-1.570876,-1.126767,-1.193925,0.142943,1.732515
2.231300,0.638051,0.500844,-1.801058,-0.542674,-0.787784,-0.620848,-0.168144,-0.472091,-1.979300
0.747910,-1.072743,0.239247,2.074083,-0.919385,-2.530288,-0.286004,1.100960,1.958347,-1.229550
0.496699,-0.465310,-0.105948,2.644343,-1.502970,0.253740,0.467693,1.085786,0.097983,0.308051
-0.391649,0.269127,-0.343192,0.621572,-0.369610,0.377100,-0.029263,1.126050,-0.051394,-1.773032
1.261922,-0.905732,-0.653766,-0.595661,1.374438,-2.135674,3.137749,1.056057,0.223239,-0.054894
0.285554,0.521122,0.645216,0.555604,0.089581,-0.197338,-0.151273,-0.194908,1.133770,0.593557
-2.940389,0.655901,0.194736,-0.018709,-0.388518,1.124113,0.947526,-0.772878,0.407052,-0.971657
-1.379618,-0.626717,0.862393,0.953125,0.513085,0.725096,0.516178,-0.641482,0.431923,0.800410
0.754291,1.188913,0.708304,0.351448,1.070150,-0.026521,-0.881875,-0.163067,-0.744903,-0.675178
-0.144519,-0.792420,-0.307962,-1.893615,0.213294,0.001205,-0.817089,0.659246,0.937570,-1.607560
-0.762725,-0.769142,-0.939903,0.829475,-0.193826,-0.264515,-2.003862,0.635418,-1.239258,0.059933
0.277377,1.360659,-1.308820,-3.019512,0.183850,1.800511,1.238946,0.209659,-0.491636,0.807123
-0.973546,0.476358,0.505470,1.060210,2.759660,0.392416,-0.508964,-0.025574,-1.769076,-0.694713
-0.409282,-0.524088,0.152355,-0.822420,1.121031,0.000207,-0.009300,-0.327895,0.155191,0.825098
-0.867130,-0.658116,-0.303726,-1.345871,-0.819258,-0.476221,0.874389,0.262561,0.193590,0.850898
-0.137372,0.390465,-0.103222,0.265362,-0.582759,-2.438817,-0.134279,1.422748,0.926215,0.965397
1.236131,0.088658,0.197316,-0.617652,-0.316073,0.615771,1.203884,-0.139446,-0.450189,0.000528
0.601207,-1.443855,-2.296181,-0.550537,-1.220712,-0.508140,-0.147780,-0.453248,1.452468,0.326745
0.300474,0.622207,-1.138833,1.039112,-0.075764,0.670481,-1.071857,-1.553759,0.817890,0.376410
-0.902052,-0.869663,1.125435,-1.189412,1.642673,-0.900621,0.638392,-0.328618,0.603187,-0.544114
-0.162793,0.040919,-1.002187,0.740824,-0.513214,-0.228600,-0.994349,-2.562334,-0.191028,2.412615
0.784604,-0.019260,-0.262891,0.022466,0.547119,-1.180813,1.114322,0.715381,0.718186,0.438476
0.019617,0.672861,0.591814,-0.354041,-0.573602,0.101856,1.549020,-1.239107,-1.467525,0.164761
0.050888,0.173342,0.243953,-0.223202,1.489863,-1.600904,-0.828497,-0.103255,-1.643189,-0.175854
1.661470,0.020886,0.230701,-1.260165,-0.616361,-0.375196,-0.317715,1.281644,0.557691,-1.111458
0.246505,0.498222,1.140149,1.580541,-1.015094,-0.810858,-1.257578,-0.234020,0.466358,0.987335
-0.075951,-0.319848,0.151758,-0.835143,2.089539,-1.607661,0.184741,2.023606,0.006800,-0.190039
-0.357445,-0.180392,1.372848,-2.211862,1.533434,-1.423957,-0.266652,-0.429244,0.588553,-1.598124
0.462173,2.024310,-1.363174,0.189706,-0.661982,0.425887,0.019148,-0.641487,0.487872,1.804348
-0.190904,0.719758,-1.293273,-0.956436,0.472406,1.484116,0.355613,-0.313058,-0.000709,-1.250408
0.604515,0.882333,-0.452090,-0.470042,0.265878,-0.436720,-0.066133,2.099722,-0.247026,-0.358340
-0.647542,0.744192,-0.181224,-0.649373,1.321304,1.419603,-0.600424,-1.866540,1.007514,-0.684630
0.790626,-1.970104,0.892597,-1.211172,0.730764,0.014273,-0.953939,-0.407036,0.686318,0.105894
0.584413,1.976441,-1.564242,1.617213,0.104356,-0.898784,-1.330314,-0.189120,0.921650,-0.127549
1.511155,-1.451176,-0.012089,-1.252393,0.363632,0.886887,-0.420762,-2.604214,0.198948,0.436739
0.404295,1.235782,-1.071054,0.680216,1.192508,-1.778588,0.319652,-0.504180,-0.081523,0.347676
-0.487229,-0.675708,0.034152,-1.087246,-1.085825,0.679373,-1.148794,0.666313,0.462591,-1.725807
-0.677565,1.194109,-0.981166,-0.464404,0.462061,0.783391,-0.251539,-0.597510,1.422370,1.738900
0.978858,0.085318,-0.808266,-0.830444,0.522514,0.418398,1.401599,0.650450,-1.503080,1.051948
-0.998061,-0.383971,0.250200,1.995667,3.109919,0.606723,-0.183197,0.534506,0.887655,-0.320668
1.795211,0.230071,0.497743,0.665924,0.421587,0.838941,-0.617253,-0.558302,-1.100154,0.439501
0.778937,0.457773,1.674492,-0.005596,0.668742,-1.091701,-0.387100,0.695538,0.849102,-0.293967
-0.071599,-1.517874,-0.357029,0.890383,0.575205,0.500666,0.049774,0.007063,-0.660321,0.698828
0.420973,0.492019,-0.526035,-2.153343,1.097153,-0.478837,-0.862776,0.693479,-0.392013,1.059936
0.617006,0.683569,-1.365956,1.211944,0.261251,-0.369277,0.143388,-1.776235,0.408653,-1.029372
-1.352670,-1.522359,1.112688,-0.629263,1.533728,-0.535801,-1.707358,-1.116524,1.235812,-0.155898
-0.548287,0.160018,0.501783,1.117399,1.448499,-0.359769,-1.326048,-0.413465,0.260281,-0.963759
-0.957151,0.343788,-0.048652,0.032797,-0.758495,-0.230401,-0.924233,0.890198,1.035249,-1.846188
-0.929511,-1.496529,-0.650024,-0.083438,-1.449645,-0.921860,-1.003957,0.207267,0.069344,-0.721738
0.176821,-0.546680,-0.271655,1.673452,1.340461,-1.299581,0.829732,0.811397,-1.148263,0.818778
1.537932,-1.122545,-0.917503,1.017661,0.271495,0.551476,0.340589,0.390696,-1.326472,1.047318
1.169590,-0.229391,-0.043477,-1.531108,0.514255,0.572057,-0.062191,1.124353,-0.334077,0.564606
-1.019664,-0.023552,-0.174354,0.225308,-0.369527,-0.131473,0.826047,-0.436764,-1.606577,1.749584
1.381454,-1.292263,0.689708,-0.502975,0.263487,0.294224,-0.234408,-0.783766,-0.690541,-0.916192
-0.831822,-0.067178,-0.715760,0.682052,1.487246,-0.580053,0.239405,0.499685,0.472002,0.075955
0.742682,0.482249,-1.237662,0.869156,0.887291,-0.763286,0.037938,0.683329,-0.209314,1.072978
2.363872,-0.785986,-1.381045,0.303819,0.721563,-0.230866,1.453261,-1.338606,0.692919,-0.605861
1.719378,1.992515,-0.766657,-0.549557,0.859588,-0.387131,-0.045411,0.025388,-1.919673,-0.013838
-0.689728,-0.493123,1.443632,-1.256507,0.813205,-0.278963,-0.279760,0.790372,0.340051,0.570613
0.968185,-0.331308,-0.612237,-1.085151,-0.825411,2.949094,1.244680,-1.351074,-1.322458,0.481866
0.547265,0.548884,-0.254956,-0.125454,0.327880,0.085893,-2.219300,-0.229800,-0.851406,0.175211
2.985259,0.367482,-0.313530,0.921802,0.482688,0.420094,0.606851,2.056544,-1.130888,0.473632
-0.926381,0.555513,-0.918687,-0.417367,-0.295090,0.975817,0.918454,-1.245717,0.054934,-0.709580
-1.258505,-0.217017,-0.308483,2.426716,0.432960,-1.377618,-0.564774,1.021383,2.088443,-1.585983
-1.879924,1.870965,0.389614,-0.868293,0.534629,-2.635748,0.003376,0.327821,0.924270,-1.013896
0.085687,-0.925425,0.255384,-0.895346,-0.408101,-0.995815,0.651136,0.858451,-0.234621,0.038238
-1.448591,-0.299677,-0.050205,2.620793,-1.111967,1.464177,0.996859,0.280636,1.758620,0.372105
0.389159,-0.053121,1.223569,1.096469,-0.625677,-1.319247,-0.202981,-0.800039,-0.063525,1.237438
-0.457302,-0.042823,0.058023,0.848431,-2.246889,-0.606700,0.211284,1.200079,-0.491902,-1.876553
0.619711,-0.635362,-1.189667,-0.624345,-0.184525,-0.604745,-2.205566,0.897066,1.274875,0.651522
-1.137686,-0.201492,-0.006521,0.598794,0.668340,-0.734174,0.081996,0.457280,1.455822,0.704507
0.789057,0.083827,1.410459,0.409763,-0.861088,1.403370,0.697903,-0.443044,-0.479493,0.296576
0.463185,0.197292,0.311309,1.699957,1.071543,0.190636,0.941311,-1.032524,0.397927,1.809306
-0.218046,-0.847634,-0.652089,-1.089633,-0.784762,-0.370508,-1.405567,0.015618,0.902277,-0.907756
1.519284,0.510792,1.030581,-0.657835,0.854525,-1.091934,0.890248,0.171839,0.553251,-1.175595
-0.895070,0.597228,-0.948348,0.463206,-1.367138,0.848174,-1.232523,0.552300,0.625631,-0.696772
0.582027,0.260442,-0.538842,-1.008555,-1.962626,0.349650,-1.564803,0.095344,-0.263448,0.679143
-0.302045,-0.329448,0.731871,0.335058,0.316156,0.469268,-1.535572,0.756789,0.612469,-1.016683
-0.244080,-0.039307,-0.134497,0.333860,1.431367,1.081767,-1.312219,0.622070,1.328933,0.386809
1.090980,2.012270,1.023710,0.249309,1.045088,0.144888,0.023903,-0.351414,1.563413,-0.818429
1.532368,0.499864,-1.399306,0.367649,-2.100027,0.625508,0.885231,-0.592356,0.123548,1.954157
-0.505747,-1.058908,1.481663,1.962587,0.003696,1.011463,1.341476,-0.742484,-0.485306,1.230875
1.685014,0.562881,-0.879814,1.987061,-0.530971,-0.335138,0.342338,1.554160,0.853976,0.414866
0.463289,0.043515,0.558140,-2.529560,-0.296607,0.241322,-1.151014,0.386323,-0.204471,1.755476
1.573020,-0.465806,-0.150838,-0.073948,-0.451659,0.195025,-0.758282,-1.130615,0.622711,0.629530
-0.804316,0.895355,-0.631578,0.253165,0.820344,-0.033613,0.454741,-0.516430,-0.196467,-0.205859
-0.746578,-0.176774,-1.548618,-0.491154,-0.284875,-0.256180,-0.241497,-0.061764,0.479442,0.874517
-0.649765,-1.203201,-1.042044,-0.487203,-0.351921,-0.769996,-1.296117,-0.456121,0.181427,0.595029
-0.557423,-0.412998,-0.926698,-0.031439,-0.848429,0.573128,-1.785866,-0.359630,0.301107,0.183835
2.693034,0.349800,-1.004055,-0.095464,-1.776246,-0.080600,-0.833056,0.915390,-0.549540,-0.116766
-0.635558,1.738851,-0.321243,1.832557,0.814152,0.482067,0.368733,0.393797,-1.927673,-0.278883
0.845158,-0.048897,-1.405190,-0.052404,1.704106,1.246892,-0.062004,0.951449,-0.366507,-1.703872
-0.924466,1.562889,-0.273993,-0.243384,-0.299838,1.904137,1.625959,2.218780,-0.159045,0.295624
-1.516643,1.476934,-1.167780,0.216776,-1.097303,-0.588867,-0.837262,-0.607875,-0.539123,-0.548269
0.833334,-1.104863,0.220541,1.217959,-0.513196,-0.717919,-0.230525,1.179725,0.194108,-0.531214
0.483877,-1.102292,0.681360,0.408607,-0.307808,-0.838586,-0.886681,0.534817,1.228981,-0.637308
0.458387,-2.087027,-0.584618,-0.031059,-0.909683,-0.936506,-0.667780,0.292193,-0.187329,-2.238231
-2.120700,-0.606865,0.457687,-2.747505,-0.499730,-0.526248,1.388338,-0.385022,0.382989,0.141257
-2.130566,0.768207,0.215397,0.508269,3.926238,-2.084113,1.724697,-0.287448,0.287329,-0.045512
-0.424236,-0.569833,0.329509,-1.517174,0.750579,-0.416194,-1.130069,-0.450013,1.257149,-0.535335
0.358454,-0.730956,0.757922,0.685508,1.848609,-0.175564,0.668655,0.098068,1.295872,-0.718832
0.745005,-0.194697,-0.064188,0.091752,0.252240,-0.116229,0.214713,1.578118,0.985450,0.869155
-0.455540,-0.889241,0.955301,0.876047,1.472671,-0.603981,-0.229549,-1.639484,-0.392471,0.996571
-0.466495,0.640480,-0.190503,0.324057,-1.147691,0.085209,-2.991136,-0.186896,-1.630473,1.205995
0.777407,0.466671,1.521006,-0.948917,1.747363,0.932192,-0.236555,1.135620,-1.106294,-0.824514
-0.608590,-0.528978,-1.056558,1.223083,-0.258854,0.352505,-0.570351,-1.820603,0.270057,-1.912255
-0.068634,-1.368315,1.987276,0.911363,0.105754,1.263707,-0.846316,0.543479,0.199810,0.264020
1.272354,0.732492,0.288724,-1.654887,-0.960046,-0.122709,0.093372,-1.130204,2.411677,1.516394
0.602118,0.072037,-0.212209,-0.951918,0.077481,0.257753,-1.241761,0.334176,-0.155259,-1.907808
-0.860385,-0.413606,1.887688,0.556553,-1.335482,0.486036,-1.547304,1.082691,-0.471125,-0.093636
1.325797,-1.287164,-1.397118,-0.583599,1.038379,-1.519346,-2.832156,-0.451159,0.551741,1.200262
-0.463161,-0.411427,1.153901,-1.869742,-0.388521,0.190424,0.449219,-0.509807,0.034441,-2.488327
-0.658248,0.453509,-0.982294,0.058984,0.446873,-0.342549,0.170464,-0.962733,-0.206611,0.610216
0.156973,-0.586531,0.224216,0.714610,-2.049941,1.159074,-0.336255,0.425490,1.197247,-1.371674
-0.709441,-0.288549,-0.783754,1.734937,-0.856772,-0.555547,0.204389,-1.202150,-0.395681,0.317453
-0.332860,-0.093387,-0.529332,-1.514470,0.321593,1.754933,0.018402,0.225264,0.692723,-1.269330
1.702515,0.202329,1.631857,-0.733033,1.818062,0.775155,0.553040,0.234024,-0.248529,1.200532
0.140360,-1.967070,-1.117186,-0.185846,0.309999,-0.056588,1.218971,-1.951102,0.143588,-1.817979
0.759712,-0.094459,0.419610,-0.863883,1.279465,1.041725,0.583544,-0.129517,0.579857,-0.706893
0.855556,1.649481,1.070611,-0.729602,0.361417,-1.293142,0.572390,0.450603,-1.869816,-1.161784
-0.283139,-0.300860,-1.209477,0.388979,0.251474,-0.194269,-0.755792,1.048707,1.655407,-0.483561
-0.612167,0.491208,-0.358029,-0.139397,0.739653,-1.909356,1.318302,0.072681,-0.411493,-0.089234
-0.037571,-1.731201,1.494938,0.041326,0.443002,0.951550,-1.021162,0.473472,-0.267641,0.846771
-2.127227,-0.099094,-0.602821,0.432263,0.470044,-0.707626,-0.712174,-0.110665,-0.896642,0.841984
-0.369207,-2.906988,-0.374822,-1.038544,-1.631276,-1.237427,0.109408,1.328641,0.313184,-0.606503
0.455904,-0.459090,-0.694600,-1.154363,-1.751829,-0.389924,0.158053,-0.096624,-0.415967,-0.945746
0.608246,-1.317132,0.776028,-1.002217,-0.752435,-1.466785,-0.501402,0.975312,0.515628,0.978422
0.522143,-1.103670,-0.330789,-0.780199,1.330575,-1.196789,0.893698,0.892954,1.829620,-0.409687
0.712322,2.281652,-0.617642,-1.535040,-1.880010,0.712712,-1.883150,-0.372319,0.437313,0.185176
0.425445,0.222290,1.278866,-0.952316,-0.676995,-0.772659,0.830192,0.900399,0.451225,1.183494
-1.178041,1.667224,1.523239,0.735622,1.781799,-1.656623,-0.524448,-0.735303,0.721479,-1.050141
0.757495,1.370536,0.695203,0.283751,-0.987873,-0.846851,1.249619,0.779349,-0.039020,-0.417910
-2.025808,-1.070852,1.911419,-1.280456,0.189480,1.007444,-1.254923,0.184710,0.937916,0.012499
2.868403,-1.668599,1.058729,-0.172802,0.771920,0.441307,-0.733156,0.228996,-1.857901,0.603248
0.298158,0.638660,1.058118,0.367620,0.148089,-0.881068,-0.712221,1.186735,1.436335,-0.238110
0.046003,-0.904614,1.172757,0.665417,1.941217,-0.878323,-0.378008,0.231446,0.646490,-0.215668
-0.872961,0.881408,0.721135,-0.916274,1.355443,1.170199,0.134296,0.079598,0.554058,-0.861703
0.030031,-2.152384,0.876456,-1.561493,1.503420,-0.330120,-0.211667,-0.627734,-0.288039,1.418531
-2.487809,1.276965,0.338023,-1.207022,-1.075312,1.676393,-0.945507,-1.153351,1.137315,0.338553
-0.937926,0.216625,-1.025753,1.100821,1.061371,0.532006,0.361661,1.761188,-0.000314,-1.181874
0.449474,2.086047,-1.014759,-0.361463,0.416446,-0.053905,-0.982304,1.121858,2.320041,0.196131
-0.904068,-1.548961,0.257976,1.103877,0.475168,-0.002404,-0.589272,-1.092164,0.834751,0.913772
-1.545730,1.589839,0.574071,1.399595,-1.342128,-1.365824,-0.148969,0.502784,1.796361,0.706079
-0.242681,-1.026369,1.230001,-0.964705,1.628469,-0.284385,1.590582,0.678931,-0.136995,-0.519396
-0.340908,0.428317,0.077156,-0.593811,-0.165631,0.078577,-2.128734,0.458168,-0.979721,-1.153332
-1.687344,-1.793892,-1.355448,-0.709021,1.953259,-0.525880,0.177750,0.400481,0.131065,-0.077443
-1.195294,1.450928,1.807197,-1.682659,-1.024029,-0.279810,-0.964538,0.505966,-0.728272,2.165056
1.190549,0.212574,1.026986,1.105900,-0.563947,-0.816217,0.078143,0.861636,0.139060,-1.576996
-0.802824,-0.073973,-0.075666,1.972542,-1.385988,0.505589,1.489113,2.271450,-0.404397,0.491429
0.569760,0.195482,-0.098845,0.435975,-2.532246,0.682069,0.126178,-0.222475,2.046862,-0.674934
-0.403076,1.991553,-0.832061,-0.550115,-0.147025,0.840734,0.207803,-1.292625,-0.532169,-0.607354
-0.077221,0.425844,0.418206,-1.776012,1.063941,0.252569,1.384532,0.444198,1.101323,0.466545
1.346226,0.522251,-0.097915,2.272435,0.889037,0.573744,-1.276304,-1.288308,0.292715,0.145521
-0.614123,0.140983,1.588627,0.695402,-1.141009,-0.111509,-0.804966,-0.387700,-0.413616,-0.477646
-1.255135,-0.127655,-0.560608,-2.929449,2.052972,1.088770,-0.376301,0.018819,-1.171654,1.695723
1.897289,0.156694,1.023531,0.175287,-1.336725,-0.411823,0.131928,-0.454548,-0.218653,-0.091400
-0.080878,0.052258,-1.060605,-0.717016,-1.284584,0.977816,-2.105647,1.153590,1.386349,-0.302181
-2.603137,-0.361311,-0.064184,-1.010598,-0.515218,1.530195,0.664927,-0.924564,-1.597599,-0.327017
-0.213457,0.496199,-0.535317,0.511500,1.935154,0.815501,-0.048089,-0.183150,-0.356673,1.180641
-0.627313,0.045223,0.051198,-0.501784,-1.372466,0.322975,-0.061004,0.500240,-0.533600,1.220821
-0.876774,1.712040,-1.747637,0.434770,0.475431,-0.795557,0.424394,1.279519,-2.216819,0.502745
-2.493271,-0.965665,1.629166,-0.581782,-1.173880,-0.197938,2.067906,-1.831682,-1.051310,1.497432
1.857702,-0.103431,-1.239053,2.095844,1.594442,0.678947,-0.812402,-0.049029,-0.160360,0.330851
1.451001,0.879417,-1.077376,1.376496,0.313132,0.687066,1.466541,-1.111580,-0.035826,-0.531455
-1.567859,0.346710,2.511557,-1.840078,-0.032281,0.640543,0.123078,-0.113128,-1.299216,0.232787
-0.756764,-2.189922,1.194592,0.958386,0.051661,0.229075,1.074318,0.224340,0.904018,-0.297482
1.311984,0.320786,0.194052,-1.270061,0.286956,-0.831955,-0.638283,-0.815376,-1.066235,2.124771
1.331339,1.920368,-1.222895,0.071254,-1.293508,-0.695695,-0.918127,1.239584,-0.396230,1.068379
0.604121,2.303639,-1.479444,1.259233,1.146441,-0.973379,1.007133,0.336145,-0.227476,-0.823935
-0.719109,2.049812,0.000683,0.782130,-0.790899,-0.779853,1.081985,-1.349576,-0.415214,0.034027
0.111373,-0.179093,0.395820,0.692856,0.734638,-0.985804,-0.284155,1.194763,0.894647,-1.372859
0.351480,-1.978225,0.046935,1.897767,-0.947893,-0.834323,0.764030,-1.542802,-0.632755,0.596441
-0.634286,-0.235970,0.744186,0.421546,0.266818,-0.339122,0.370061,-0.123733,0.457806,-0.496932
-0.182569,-0.989958,-0.035008,-0.811001,-1.114046,0.258661,0.212740,0.782874,-0.431126,0.408053
0.550798,0.444774,-0.825654,0.149363,0.364140,0.007178,-2.086478,0.160490,2.212531,-0.360039
-0.728077,0.373349,0.312378,1.192735,-1.257868,0.731380,0.590422,-0.142147,0.338687,1.029457
0.872315,-1.143019,0.820158,-0.064689,0.072874,0.073197,-0.150243,1.191707,-0.083718,-1.119546
-0.393530,0.178695,1.229215,0.603095,-0.850535,2.485190,0.264775,1.275391,-0.151714,0.533359
0.839469,1.218195,1.057368,0.872197,-0.315087,-0.571746,0.332608,0.933128,-0.222721,1.065172
1.452617,-0.916321,-0.836921,-0.140375,0.307613,-0.524567,1.352203,0.424067,0.039447,-1.435910
-1.315816,0.281009,-2.132596,1.012637,-0.158154,3.243093,2.307916,-0.181449,-0.106337,0.995582
1.703173,-1.638029,-1.786375,-0.622035,0.582738,0.496874,1.069771,-1.199698,-2.316144,0.858014
-0.828196,-2.018488,0.145064,0.793176,-0.122057,-0.457848,-0.159362,-0.370583,-1.348047,-0.714681
0.521280,0.321679,0.168060,-0.995148,-0.181503,-2.177065,0.178477,1.428858,-1.474132,-0.585928
0.329107,1.252843,-0.448225,-0.692250,-1.968923,0.103438,2.042076,0.277358,-0.022279,0.322082
-0.011092,-0.813014,0.823280,0.225762,0.017613,-0.975366,1.303508,0.664703,-0.552921,1.001825
-0.497571,-0.782003,-0.759703,-1.771069,0.471542,-1.831145,-1.228444,-2.075588,-0.086070,-0.150320
-0.326696,-1.042578,-1.172234,0.464370,-0.550552,0.316358,-0.885249,0.181063,1.303278,0.586166
-0.412414,0.257199,-0.240665,0.007880,-0.325611,-0.164335,0.212093,-0.993359,-1.015879,-1.388543
-1.600271,-1.217283,0.159463,-0.892788,0.513614,0.034714,-1.968504,0.654976,0.810799,-0.993863
0.420192,-0.856498,0.097670,-1.264498,-1.793106,-0.382817,-0.123729,-0.397680,-1.184031,-0.399899
0.269295,-0.044893,0.182501,-0.670115,1.171718,-1.176173,0.487560,1.181891,0.480908,-0.202524
-0.528297,1.036088,-1.422975,-0.970124,-0.397558,1.237654,0.379768,-0.968046,-0.310308,-0.614323
-0.709789,0.978890,-1.371743,1.608781,0.828230,1.090862,-0.462940,-0.149941,-1.433152,-0.524662
0.493655,1.296063,-1.107157,-0.365506,-0.151299,-1.395789,0.591349,-0.723990,-0.195390,-0.451949
-0.789339,-0.007045,-0.215610,-0.371858,-0.728462,0.319525,1.653617,0.139887,0.996118,-1.390222
0.157761,-1.097368,-1.476925,-0.739371,1.191899,0.950016,0.243005,-1.532701,-0.196281,0.301700
0.175536,-1.843794,-0.890318,-0.064078,0.536291,-2.196128,-0.162124,0.143049,0.849612,0.692858
0.582571,-0.799941,-1.908002,-0.393053,1.001632,1.393455,0.710549,0.429341,0.379640,-0.556119
-0.130060,1.669070,-0.942558,1.614779,-0.322028,1.325432,-1.406815,0.585904,-0.736770,-1.415267
0.218534,1.009472,-0.844941,-1.499016,-0.091845,-0.087435,0.548320,0.949595,-0.059415,1.855503
0.224235,-0.346427,-1.611567,-0.262660,-0.336387,0.960305,0.462484,-1.179369,0.172254,0.671531
1.528031,0.887504,0.760847,0.060086,0.388312,1.249505,-1.332777,-0.349439,-0.772569,0.379153
1.230222,-0.596974,-2.390304,-0.412221,0.913474,0.537630,0.428186,-0.279993,-1.279031,0.515294
-0.834282,2.184097,0.570507,-0.580648,-0.611385,-0.092944,-0.239502,1.116834,0.186416,-0.731632
1.890441,0.049308,0.768840,-0.608227,0.363116,0.311110,-1.889649,2.015275,1.290644,-0.397195
-1.102270,0.347562,0.086698,0.355669,0.191577,0.506241,1.447306,0.568103,-1.049655,1.362563
1.640615,3.152057,-1.123494,0.242882,-2.082099,0.553149,-0.548200,1.923446,-0.774615,-1.689183
-0.471264,-1.975488,0.751099,-2.065083,0.028458,-2.077812,-0.320298,1.643378,0.360648,-0.863494
-0.031203,0.018017,0.472630,-1.366858,0.592567,-2.704392,-0.629885,-0.488274,0.633327,0.022631
-1.405563,-0.984993,0.198680,-0.079067,-0.579124,-0.480834,0.696168,-0.517693,-0.088091,2.169937
-1.423683,-1.851843,0.783590,-0.678643,-0.318238,-0.781156,-0.259800,1.598538,0.802128,0.862224
-1.416227,-1.151154,-2.839079,-0.809381,0.956703,0.516947,-0.221513,-0.022300,-0.688886,0.204759
0.765878,-1.615887,0.299648,0.932435,-0.415100,0.700701,2.814654,-0.104343,0.393307,-0.738057
0.181251,0.460272,0.194842,-1.019695,0.206362,1.462196,0.448636,0.961987,-0.237012,0.749900
0.279268,-0.950911,0.318521,-0.991697,-0.632880,0.189328,0.297244,-1.189232,1.053986,0.572006
-0.704728,-1.537585,-0.144905,-0.445944,0.113140,-0.363117,-2.007457,-0.388347,-0.305619,0.633661
-0.698200,1.678675,-1.911641,1.311167,-0.224319,0.859585,0.079801,1.139556,-0.387362,-1.098620
1.420504,-0.113481,0.221558,1.234752,-1.031955,0.595491,-0.589895,-0.132169,0.072279,-1.500222
-0.778837,1.351073,0.886191,-0.062640,0.243123,-0.294243,1.356583,-0.200353,0.231842,1.146030
-0.777371,1.558789,-1.530461,1.629642,-0.372676,-0.242699,-1.890010,-0.454795,-1.039807,-0.607646
-0.137311,0.957792,0.207603,0.307677,-1.095519,-0.880754,1.798725,-0.735201,1.656208,-0.243061
0.002288,1.070365,1.271892,-0.110813,-0.388243,-0.055920,0.337958,0.891304,0.004230,0.618886
1.638360,0.381310,0.311653,-1.518911,-2.630730,0.388376,-0.094824,-0.514783,0.243530,-0.060404
1.127780,0.086111,-0.746923,0.990166,-0.217131,0.526537,-0.477411,-0.649827,0.084168,0.012829
0.479827,-0.268646,-1.836360,-0.432774,0.793818,-0.297376,-0.246383,0.986377,-0.711973,-1.542803
-0.160631,-0.484174,-0.966246,-0.175378,0.491506,-0.009289,0.306981,1.813408,-0.342879,0.278349
-0.509213,-0.846360,-0.584908,-0.478759,0.359476,2.349076,-0.716043,-0.416625,-0.063123,0.395799
0.263551,1.284096,-2.426392,-2.386930,-0.495878,1.097300,-1.565648,-3.007632,0.571179,0.243657
-1.090208,-0.985540,-0.969744,0.110535,-0.626315,0.494064,-2.854627,-0.856852,-1.126054,-0.256341
-0.538048,0.797844,-1.859337,0.045491,0.558336,1.856647,-0.481766,0.324459,-1.803863,-2.391956
0.844774,-0.005560,1.178513,-1.373403,0.519902,1.868818,0.419706,0.276582,0.008556,-1.570881
1.355573,-0.610858,0.504483,-1.563034,-1.179460,1.435087,-0.347302,1.453275,-0.078231,-1.841898
0.892068,-0.589892,0.698689,0.025211,-1.543118,0.164295,2.196223,0.492986,-0.057518,1.075343
0.210668,0.209534,-1.091625,0.233848,1.035443,-0.836062,1.424496,-0.091706,-0.887770,0.997632
-0.286794,0.759515,-0.291759,-0.059826,0.493560,0.290897,-1.995532,-1.121244,0.929410,-0.132137
-0.523731,-1.358574,-1.079736,-2.021799,-0.101281,-0.598438,-0.966588,-0.068123,0.363971,2.093198
-1.511883,1.159381,0.973102,-0.779093,0.203236,-0.457633,0.185689,1.509131,0.605606,0.508608
-0.430309,-1.484057,-0.208468,1.206608,-1.527168,-1.055089,0.126268,-0.984655,-0.792523,-0.423599
-1.365617,-0.974122,0.703428,-1.307370,-1.597872,-0.630025,0.731956,-0.196922,-0.464581,0.044359
-1.745707,0.494706,0.383435,-0.409308,1.005925,-1.127496,1.127909,0.154494,-0.336553,-0.019874
-0.107265,1.220283,-1.076679,-0.762519,1.036303,-0.595535,0.900533,1.699436,-0.401795,0.681362
-1.153692,0.754733,0.199424,0.473038,-0.645572,-1.661083,0.503252,-2.063403,-0.317350,0.941182
0.191898,1.948343,1.025109,-0.653898,0.027313,-0.047371,-1.582177,-0.940399,-0.560761,-2.036221
0.047493,-0.249072,-1.672894,0.404213,0.715873,0.227034,-0.324068,0.591442,0.680220,0.307404
-0.824612,0.276601,1.195481,-0.596629,2.097939,-0.525631,0.032407,-0.672486,0.223271,-1.742222
-0.546042,-1.092121,0.135338,0.994447,0.646006,-2.371659,2.042070,0.295280,-0.776499,0.157128
0.176190,-0.666849,0.197917,-0.607472,-0.404362,-0.686279,-1.432671,0.145836,0.585299,0.514884
0.819925,0.324340,-0.532725,0.839664,-1.357518,-0.900671,-0.964200,1.080056,0.942789,0.487305
1.071930,-0.879283,0.348595,-0.125174,0.846882,-0.115224,-0.384943,0.540909,0.876169,-0.668345
-0.061076,-1.058441,-2.498061,0.200460,0.608905,0.262067,-1.949562,-0.350849,-2.218348,1.369701
-1.086055,1.255404,0.945870,-0.900590,-1.132785,0.350370,-0.844324,0.102485,-0.482828,-1.781158
-2.230468,0.226684,-0.561558,-0.553090,0.695864,1.173442,-0.272545,-0.340599,0.500143,-1.356936
0.223153,0.551886,0.680230,-1.936753,-0.761355,-0.878263,0.099887,0.480745,1.496710,-0.494965
-0.497572,1.149672,0.296577,1.267652,0.288728,-1.157117,-1.333128,-1.551512,0.662052,1.188597
1.849362,0.843105,1.162839,-0.580016,-1.156416,0.850079,0.417681,0.107444,0.387371,0.323185
1.283817,1.294986,0.544220,0.845803,0.514063,-0.461170,0.756565,-1.394495,1.053892,-1.194523
0.285803,-0.845154,0.553389,-0.033925,-1.594756,0.420700,-0.577921,0.881147,0.001326,0.395421
-0.957569,-0.589332,-0.458639,0.856702,1.677377,-0.805172,1.076848,-2.169677,-1.194189,-0.958778
-1.352509,-1.583588,0.412999,-0.214068,0.379405,0.690473,0.265617,0.657763,-0.069532,-1.186993
1.057814,-0.589112,-0.935596,-0.177918,-0.912811,-0.417430,0.344054,0.348342,-0.897830,-0.487705
1.074333,0.496400,2.075065,1.180128,1.144293,-1.387869,0.763860,-0.053107,-0.550982,0.168015
0.945212,0.500832,-0.878474,0.742459,-0.637588,0.216683,-0.303350,-0.218866,0.766243,-1.040194
1.945195,-1.821086,-0.597668,0.370212,0.584314,-0.100476,-0.057391,0.410550,-0.231069,1.393181
0.839349,0.872824,-0.966157,-0.079388,-0.300466,-1.005601,0.360164,-0.537646,0.655404,-1.070192
1.719041,-0.896333,0.219302,0.791859,-0.570640,0.852469,-1.229184,1.452118,0.014149,-0.596411
-0.299182,0.808919,-0.584455,-0.749358,-0.221537,-1.176962,1.820544,-0.566395,0.831617,0.209470
-0.984534,-0.005955,0.784003,-0.188261,1.193113,1.021515,0.918915,-0.459657,-1.079842,-0.613588
0.196241,0.545787,-2.171571,-0.008113,0.158089,-0.277544,1.291274,0.421780,1.310192,-0.215961
0.937477,1.635066,1.311693,-1.092142,-0.253676,-0.345165,0.489255,0.686354,-0.838893,0.067839
-2.019927,1.441945,-0.512374,0.055864,-0.309650,1.146028,-2.837506,-0.016610,-0.105819,-0.453636
1.726227,-0.887329,0.771796,0.356253,1.261519,-0.667189,-0.732969,1.096070,0.425321,-1.544937
-0.539305,0.386383,0.837764,-0.679231,-2.914256,0.523223,-1.220321,-2.017339,-2.832326,0.813981
0.128617,-0.225656,1.389024,0.637325,1.616300,-1.392735,-0.034551,-1.616713,-0.229382,-0.248616
0.626614,0.045564,0.623407,0.703440,2.154929,-0.315297,-0.941023,0.246084,-0.802280,1.481961
-0.283218,-0.565576,-0.471316,0.718417,-0.157747,-0.641667,1.665352,-0.856170,0.035566,0.652306
-1.631335,0.480261,-1.055108,0.822783,-0.962651,0.692769,1.105833,0.861437,0.251317,-0.231301
-0.576420,1.471035,-0.699495,-1.037066,0.665369,-0.796137,-0.950063,-1.443604,-0.482910,-0.082715
0.243092,0.951306,0.526898,-0.190872,-0.198196,0.510157,1.272570,0.126314,-0.469131,-0.992866
-1.445205,0.666270,0.577979,0.577364,-0.128659,1.406935,-0.484118,0.955269,-0.038743,-0.608351
0.592530,0.409636,0.356973,0.081278,-0.037893,2.388372,1.184257,0.722827,0.111799,1.007157
0.517995,0.026205,-0.303564,-0.080917,-3.170426,0.210601,-0.488476,1.592670,0.019344,-1.188963
-0.049880,-1.046121,0.473407,0.290947,0.957840,-0.790882,0.034008,-1.365022,0.701495,0.518871
0.495805,0.001619,0.414773,1.604339,-0.285094,0.138645,-1.086126,-0.868261,0.097813,1.103934
-0.256281,-0.235917,-0.406885,-0.534757,0.294971,-1.497258,1.280940,-0.665422,0.721903,-1.269999
0.668840,0.671945,0.384202,-0.994429,0.249548,-1.183056,-0.252763,1.029413,0.796702,0.015183
-0.974807,0.645588,0.019381,-2.320316,0.782630,-0.024233,1.202451,-1.095271,-3.176704,0.279084
0.291564,-1.690672,-0.978500,2.755218,-0.305611,0.730959,-0.650660,-2.090303,-0.170258,-0.265605
-0.399878,-0.114641,0.264268,-0.150117,-1.264006,0.486185,-1.949372,-2.050357,0.739180,0.507020
-0.057395,-1.395449,-0.707911,-0.262747,-1.595894,-0.739029,0.652330,1.427305,-0.419435,0.756488
-1.914060,0.659451,-0.803948,0.307346,-0.247752,1.320414,-0.874436,0.627606,-0.279507,-0.158305
-0.183854,-0.845673,-0.014099,-0.062648,0.241240,0.084505,0.797995,0.923509,-1.050623,0.868773
-1.186336,0.587856,0.619739,-1.911317,0.092979,-0.468496,-0.758765,1.350852,-0.653679,-0.806377
0.075695,0.685590,-0.141649,1.166371,0.530976,-2.178211,-0.529467,-0.561842,0.479361,-2.624817
2.549010,0.531026,0.148877,1.181568,2.343654,0.870747,0.948813,0.130690,-0.141526,-0.475795
-0.826112,-0.687014,-1.350556,-0.075871,-1.684668,0.190917,-0.036331,0.146935,-0.522132,3.076860
1.360116,-1.244543,0.232868,-0.608006,-1.014480,-1.340072,0.432217,-0.681380,0.967826,0.993782
1.373914,-0.852387,0.475366,0.632454,-0.474178,-0.771772,1.609521,0.227496,0.635968,-0.822076
-1.219284,-0.569450,-0.124021,-1.064220,-0.009845,-1.688505,-1.120047,0.670911,0.603791,-0.391877
-1.017764,-1.027404,-0.373268,0.644518,0.928246,-0.496532,-1.153492,0.267844,-0.823535,-0.518253
1.325276,0.827115,0.157974,-1.271919,0.211397,1.062657,-0.375634,1.351114,1.292745,1.663733
0.305243,0.587392,1.414187,0.447394,-0.501234,-0.448543,0.238555,-1.290561,-0.143259,1.096547
-2.191254,1.534482,1.122374,-0.459765,0.543391,0.003148,1.229990,0.982683,-1.400071,0.587262
-0.205628,0.082833,-0.728172,1.748137,1.040062,-0.739771,-1.334611,-0.385673,0.434503,0.240206
1.253133,0.789920,0.969569,0.326855,-1.389299,-0.195699,1.060090,-0.051523,0.503090,-0.318748
-1.029812,-0.123344,0.309047,-0.655688,-0.235711,-0.939463,1.119245,-0.294456,1.452756,1.528748
-0.081046,-1.008449,-2.085898,-1.472037,-1.373835,1.378470,0.115825,0.389605,-2.220421,-1.197966
0.887080,0.286774,-0.147205,0.564842,1.635798,-0.221042,0.069370,0.192597,2.392110,-2.099356
0.683223,-0.114802,0.566772,-0.657373,-0.048965,0.711411,3.112910,0.808036,-0.848066,-0.423760
-0.453414,-1.795643,-0.330090,0.732829,-1.274232,1.048483,0.487775,-0.734233,-0.141530,1.598322
0.733548,0.008784,-0.237683,0.076609,-0.511764,-2.104750,2.042178,0.155325,0.398147,-0.057908
-0.735117,-0.185924,-1.599395,2.277086,-1.234512,-1.031966,-0.440259,1.288076,0.014509,-1.236136
1.254338,0.731001,0.538435,0.715734,2.394362,2.185095,-0.686715,1.623885,0.383168,0.499096
-1.692271,-0.170386,-0.812824,0.828059,1.071081,-2.074486,-0.022035,1.121862,-0.186679,0.729064
0.351165,0.341660,-0.271315,-1.216581,-1.121530,0.709353,0.019458,-0.138512,-0.423890,-0.305189
1.046912,-0.335244,-1.341065,0.743652,-0.204877,0.031396,1.607578,-0.020561,0.289184,-1.178923
-0.219669,0.609526,-1.555374,0.200845,0.100791,0.041287,1.037159,0.334439,1.478072,-0.993590
0.135925,0.084467,-1.069254,0.956295,2.324673,-0.017006,0.505021,0.084518,-0.713585,-1.820760
-0.705773,-1.391958,1.704102,-0.115110,-0.345919,0.889154,-1.121751,-0.766864,0.068072,1.028769
0.501685,0.248325,0.078118,0.400236,0.201653,-1.029972,0.046079,-1.073689,0.081083,-0.480648
2.539382,-0.039894,-1.404240,-0.134180,0.519359,1.673364,-0.589452,-1.582428,0.816837,-1.380599
-0.436155,-0.257620,-0.069633,0.689164,-0.683634,-0.273729,-0.014270,0.149598,0.097827,0.436006
0.843840,0.392634,0.453586,-1.582223,0.050228,0.479508,0.728941,-0.692351,-0.659039,-0.574101
0.536414,1.033881,-0.407460,0.907962,0.123480,-0.124286,-0.211384,0.746611,0.325578,2.275825
-0.852225,0.518102,-0.529201,-0.869287,-0.010867,0.137352,2.918174,-0.184146,-1.130179,0.273011
-2.074640,-0.091957,0.016025,0.794600,0.973622,-0.503570,-0.150614,-0.766121,-1.128063,0.309895
-1.273586,-0.414627,-0.995174,0.549683,1.801430,-1.301588,-1.853018,-0.124887,0.015698,0.218659
-0.446321,-0.200639,0.367510,1.040431,-1.955049,-0.368939,0.213809,-0.917976,1.731170,-0.635410
-0.041293,0.556022,-0.591285,-1.846573,-0.428655,1.029441,-0.336895,-0.846434,0.925672,-0.330775
-0.510161,0.149456,0.770750,2.381714,0.827236,1.159840,-0.505966,-1.025868,0.062331,0.107170
-1.078513,-0.175295,0.399318,0.360393,0.504288,0.290965,-0.507009,-0.513901,-1.198951,1.784775
0.013450,-0.224853,-0.928792,2.935658,-1.073328,-0.428848,0.415837,0.600213,0.957932,1.807609
0.506158,-1.056031,-0.256945,0.307832,2.068226,-1.397805,1.202577,0.179914,0.837831,-0.101995
-0.842433,0.750873,0.654431,0.972057,-0.013305,-0.599822,-1.558787,0.819373,0.423889,-0.965783
-0.538574,-0.466759,-1.482984,-0.817682,-1.133830,-0.412479,-0.738697,-1.627005,2.022590,1.252541
-0.779019,0.272421,0.417465,1.191086,-0.818605,1.092107,-0.547905,-1.335862,0.724137,1.290758
2.587909,-1.199725,0.698920,-0.409801,0.783359,-1.470490,-1.262770,-0.775875,0.078964,-0.641081
0.659054,1.026895,0.599578,1.618788,0.415827,-1.216897,1.363377,-0.605156,0.910418,1.573734
0.456688,-1.496159,-0.918212,1.322744,-0.169123,0.079574,0.758824,0.696323,0.278800,-0.208668
-0.312668,0.857899,0.553570,-0.257300,1.082112,-0.129034,-0.851662,-0.758971,-0.978741,-0.272410
1.233724,-0.805095,0.188476,-0.656689,-0.260309,-1.510041,-0.220538,-0.193705,0.540288,0.223281
-1.198392,1.084198,0.210303,0.198394,-0.009182,-0.517757,0.217802,0.475588,-1.746896,-0.538761
-0.254947,0.256171,1.193311,-0.771741,-0.497962,-0.512534,-0.801528,-0.347186,0.770802,-1.053835
0.427814,-1.701902,-0.561338,-0.329489,1.674860,-0.274802,-2.201243,-1.998889,0.034030,0.613771
0.375456,0.167570,1.162260,-0.539591,0.894911,-1.632015,-0.904948,-1.807041,-0.274845,-0.046261
0.114101,0.061883,-0.927553,-0.190241,-1.497447,1.363229,-0.303626,-0.488886,1.588940,-1.242247
-1.125587,-1.096220,-0.067871,0.431632,0.739675,2.571995,-2.249432,0.608736,-0.557131,-0.586415
-0.619772,-0.908770,1.684525,0.842297,0.023196,1.351016,-1.512529,-1.330705,-2.177968,-0.699415
0.161699,0.102859,0.149342,-1.411057,0.803155,0.239628,0.733054,-1.892762,0.311491,-1.187765
-0.397323,0.534365,0.091094,-0.851540,0.006273,-1.531535,1.150267,-0.205284,1.118550,-0.526532
-0.523576,-0.764187,0.876174,-0.709431,0.644595,-0.382452,-1.975963,-0.570314,-1.179108,0.033903
-1.190408,0.925975,-0.091076,-0.177596,0.655892,0.963907,-0.020099,-0.771200,-1.773970,-0.686050
-0.617212,0.107057,-0.345147,0.687933,-0.612983,-0.057041,1.183987,0.341825,-0.060038,-0.601944
-0.633231,-0.850613,-0.541007,0.755666,-0.221888,-1.349773,1.768169,0.319965,-1.406943,-0.441849
0.110886,1.704592,-1.108112,0.976041,1.399486,-0.628654,-0.277514,-1.036309,-0.203461,-0.036590
0.659650,1.090183,-0.748096,-1.967325,-0.021245,0.293538,0.249418,-0.326673,0.124752,1.515445
0.381734,-0.373368,-0.500198,-0.169852,1.636740,-0.183301,-0.019794,-0.482314,1.098983,1.959837
0.450613,0.082773,0.036783,-2.384307,0.745151,0.134166,0.428342,-0.711462,-0.384457,-0.411025
1.021623,-0.378760,2.082660,0.430862,-1.275683,-0.128546,-0.651675,-2.194382,1.599471,0.703143
0.533207,0.165404,-1.382018,-0.483617,0.841781,-1.051220,-2.531769,-0.227106,-0.141758,0.135563
0.728519,0.637606,0.258770,1.195531,-1.518970,0.504582,0.626538,-1.239562,-1.502871,-0.745942
-0.661541,0.753419,-0.614539,-0.856349,-0.611634,1.118632,0.013043,-0.179251,-0.110005,1.292060
-0.749172,1.315508,0.210496,-0.160419,2.500900,-1.055639,-0.353686,-1.232431,0.952462,1.689189
1.669923,1.223949,-0.197620,-0.365241,-1.671170,2.035874,0.468978,-0.491957,1.328057,-0.972765
0.406622,-0.172629,0.638677,-0.063574,-1.450928,0.075576,1.048864,-0.029216,0.775115,-1.045529
-0.026261,-0.624510,0.746981,0.031492,0.690074,1.087710,0.691619,0.273118,-0.998212,-0.002786
-0.533090,-0.344064,-0.374534,-0.979926,-1.957339,-0.668143,0.193379,-1.348177,0.015682,1.900268
1.023057,1.643542,0.391128,1.167510,-0.723965,-0.644340,-2.739140,1.186145,1.540324,-0.553177
-0.253952,-0.753862,0.382654,1.124933,-1.742772,0.409439,-0.276672,0.113394,0.458994,-0.188202
-0.103587,-0.213875,0.970316,0.418760,0.220584,-1.270952,-0.378580,0.898669,0.037697,0.659531
1.766512,1.038606,0.093158,-0.510989,-2.553550,-0.168385,-0.326012,0.390366,-0.153905,-0.320385
-1.779399,-0.939968,0.476651,1.715908,-0.097525,0.327811,0.952478,-0.810894,0.366814,-0.740490
0.864824,0.151403,0.298452,-0.782599,0.707032,2.084713,-1.007912,-0.339759,0.231607,0.786406
-0.559546,-2.833030,1.359189,0.760506,-1.742948,-0.607569,1.568182,1.447796,0.938640,-0.176112
0.082987,-0.130926,1.128240,-0.875842,-0.805800,1.010275,-0.044361,1.378467,-0.671512,-0.054778
-0.922413,0.007363,-1.478547,-0.487633,-1.436254,0.693923,0.716589,-1.730263,1.333886,2.497415
0.046006,-0.641114,2.824331,-1.318968,0.020106,0.179622,1.345148,0.359739,-0.498634,-0.951184
-0.341822,-1.006927,0.047825,-0.564196,-1.494038,1.255146,-0.497673,-1.268137,-0.168259,0.068372
-1.746467,0.331648,-1.047158,1.711029,0.523961,-0.399900,-0.745168,-0.104968,0.612791,-0.025494
-0.217159,0.058370,-0.603859,-0.343206,-2.085792,0.973726,0.298798,-0.773456,1.898735,0.087016
-1.036144,0.856737,0.398048,0.394580,-0.425756,0.450496,-0.261758,0.555941,-1.904944,-0.433873
1.722155,-0.767067,-0.603838,-0.447961,-1.214806,-2.208281,-0.230586,0.135859,-0.052505,-0.144879
0.043041,1.022841,-0.190446,-0.574083,-0.281125,0.579347,1.412027,-0.628144,0.098934,0.338357
-0.992578,0.020417,-1.465674,-1.769050,0.366746,-0.383875,0.202280,-0.017895,-0.976400,-0.045254
-1.233101,1.390972,-1.355970,-0.195785,-1.042272,0.570421,-0.331431,-0.518667,0.853202,0.029431
0.516644,-0.981326,-1.404817,0.107208,-0.318846,0.626435,-0.079908,0.205075,-1.623383,1.888437
-0.164242,0.697587,-0.836092,0.308010,-1.302845,0.452068,-0.355974,0.029191,0.697974,-1.232540
-0.684492,0.457324,2.098221,-0.138082,0.591136,-0.106971,1.942246,-1.747222,0.094621,-1.625544
-2.506572,0.297462,0.139498,-0.284837,-0.106194,3.098299,-0.258175,0.510124,-0.649365,0.295233
-0.238234,-0.410518,1.818899,1.177185,0.136747,-2.304212,-0.361009,2.703028,-0.230662,1.103218
1.441942,0.218964,-0.841822,-2.435312,0.684163,-0.814756,0.176150,-1.249820,-0.265238,0.033719
0.268594,-1.114822,1.196911,-0.596895,-1.674469,-0.109023,0.034375,0.160589,1.362132,-0.236449
-0.119620,-1.103184,0.820554,0.184309,-0.420028,-1.904675,1.444412,-1.227680,-0.591278,0.358345
-1.196558,-1.493510,-2.123948,0.720997,-0.545186,2.927270,-0.994355,-0.921451,-0.565393,0.243135
-0.470203,0.612332,-0.978588,-1.381592,-1.798215,-2.223574,-0.518069,-0.300980,-0.631437,1.243406
1.228030,-0.334803,-1.793921,-0.566705,-0.599821,-0.657135,-0.697719,-0.653463,-0.386542,-0.635541
0.208323,0.360369,-0.910645,1.271065,-0.980062,-1.617801,0.380778,-0.817408,0.321291,-2.403669
1.392456,0.672293,-1.500477,-1.478777,1.672266,-0.737380,-0.834185,-2.266052,-0.350778,-0.227720
0.715493,-1.399078,-1.520287,0.450963,1.006730,-1.571152,1.081514,0.037542,1.091805,-0.070220
-2.522278,-0.151967,1.060144,-0.893746,-0.387965,-0.176134,-2.899514,1.671348,-0.901376,0.505735
-0.086701,1.257619,0.406056,-0.234924,-0.893515,0.797851,-1.873441,0.645890,-1.099045,1.252284
0.161300,0.644124,0.081989,-1.752377,-0.860729,0.672389,0.166656,1.180990,0.403275,-0.966702
-0.796064,0.102917,-2.314044,1.673442,0.441747,1.227035,-1.580604,1.244565,2.231499,-1.320878
0.771402,0.001110,-1.544434,0.492884,0.833603,-0.601127,1.165917,-1.666763,-1.494756,0.136597
0.025385,-0.716573,0.809594,0.530894,0.858139,-0.123136,0.602580,-0.445650,2.053819,-0.812546
2.105297,0.034888,-1.375511,1.368079,0.125901,0.851124,1.223856,0.337956,-0.592241,0.975713
0.000756,0.685858,-2.153731,0.446982,-0.638586,1.653310,0.623087,0.239858,0.486310,-0.998441
1.623257,1.991370,0.392914,1.590404,-0.569148,-0.797114,0.040925,0.434941,-0.393987,0.537768
0.306389,-0.998307,0.518793,0.863528,0.171469,1.152648,-1.217404,0.467950,-1.170281,-1.114081
-0.630931,-0.942060,-0.547996,-0.214150,0.837154,-0.321159,-1.585626,1.140068,-0.837090,-0.058720
0.446537,0.199610,1.094180,0.479003,-0.861310,2.178562,0.194333,-0.147340,0.963925,0.249451
0.399228,2.492184,-0.275121,-0.317761,0.116579,1.071516,-1.506534,-1.965556,-0.587115,-1.633923
-0.424831,0.502500,-0.890749,-1.426827,0.069337,0.862543,-1.694973,0.820232,0.817306,0.954085
1.218480,2.202014,-0.356092,0.109572,-0.416438,0.001977,1.532873,-1.345014,-0.861050,1.377181
1.020037,-0.363132,0.854402,0.341216,1.500275,0.074510,1.025632,2.642012,0.598099,0.049328
0.722447,-0.365281,2.387968,0.180071,-0.272933,-0.835689,1.097220,0.867187,-0.497354,0.576451
-1.508556,0.184971,0.452756,1.707330,-0.770819,-1.278353,-0.895428,-1.336569,1.336657,1.548639
0.320217,1.221295,0.133958,-0.095112,-0.333038,-0.310391,-1.547802,0.264255,-0.040334,0.745361
0.093523,-0.162704,-0.871193,0.072153,0.738237,-1.143339,0.087474,0.233043,-0.718065,-0.587856
0.230611,-1.133421,0.349924,-0.895354,1.062854,2.337828,-0.860757,0.534208,-0.726742,1.040954
-1.265258,0.480587,-0.872989,-0.206985,-1.031025,0.822350,-0.836980,0.551964,-0.344098,-0.114472
0.147756,-0.761825,0.210367,1.530335,-0.778095,1.171810,1.498098,-0.816155,-1.455055,0.301961
-0.547408,1.868603,0.034808,-0.802199,-1.147160,1.089905,-0.571184,0.043829,0.955803,-0.484258
-0.045929,-0.016568,0.683325,0.590744,-0.220114,0.063649,-0.371779,-1.477612,0.257601,1.892192
-0.883719,-0.773030,-0.870728,0.724592,0.448485,-0.158538,-0.918019,0.092377,-1.564622,0.143427
0.871524,-1.251199,-1.532518,1.579438,-0.611760,1.135948,-0.153998,-0.161955,0.438413,-0.883999
0.132497,-0.381489,-1.320493,0.337482,-0.263308,-0.157025,-1.210161,1.591400,0.876714,0.964156
-0.305445,-1.729183,1.952917,-0.061098,-0.748800,0.416802,1.167121,-0.023051,1.278575,1.083000
-1.076381,-0.673790,0.957537,-2.712613,-0.149456,-1.430831,-0.476554,-0.298820,-0.358244,-0.552261
-1.097144,2.291911,1.867462,-1.162066,1.582117,-0.399465,0.129187,-0.063274,-0.659749,0.983852
0.125887,-0.476551,-1.304589,-0.893595,-1.641380,0.012224,-1.196666,-0.265561,1.370102,1.199300
-0.032277,-0.087085,1.879875,0.520756,-0.327806,-1.426018,0.393873,0.829324,-0.631652,0.291203
-0.363573,-0.184032,-2.487822,-0.221781,0.969369,-0.631403,0.052526,-0.755951,0.360442,-0.216523
-0.939242,1.332551,0.928932,-0.604907,0.497788,0.537412,0.642301,-1.694256,1.006607,-0.569699
-0.357828,2.637882,0.301873,-0.386322,-2.205294,1.389764,-1.345210,-1.003439,-0.331352,1.416412
0.773240,-0.157838,0.308292,-0.600386,0.139654,0.073337,0.968770,0.967178,0.493977,-0.362348
0.741822,-0.091968,-1.081914,-0.403288,0.084527,0.910216,-0.183528,-1.209199,0.056742,0.113456
0.185838,0.919872,1.018923,-0.594211,-0.616143,-1.040199,0.698816,1.448820,-0.315082,-0.241431
1.466783,0.505558,0.436236,-1.190917,0.678728,-0.929136,-1.134020,-0.346772,-0.585793,-0.221600
-1.440982,0.958816,1.127686,-1.947342,0.978458,-0.810529,0.856976,-0.068446,0.028776,-0.185098
1.212129,-1.239588,0.607840,1.101330,0.716340,2.324699,-0.528947,0.957305,-0.106091,1.233406
-0.007689,-0.387876,1.306072,-0.491562,-1.412726,-0.516847,0.619033,1.392039,0.111129,1.318197
-1.358175,-0.443263,-0.288575,-0.114559,0.084094,0.690911,-0.444807,0.139029,-0.045123,-0.925890
-0.113667,-0.143660,-0.165081,0.031759,0.075674,-0.432295,1.272715,-1.169481,-0.720970,2.779964
-1.037991,-1.353755,0.734477,-2.077120,-0.235274,2.145825,-1.544936,-1.981964,-1.499181,0.898360
1.124777,-0.512589,0.683212,1.390255,1.787346,-0.246335,-2.301472,-0.820879,-0.426804,-0.258939
-0.187859,1.118895,1.274428,-0.171674,1.098485,0.357661,0.064506,0.906544,0.072252,2.057811
-1.438411,-0.515171,-0.126519,0.439453,1.267960,-0.024399,-1.422230,0.842514,0.754959,-1.941859
-0.003804,-1.590142,-0.664651,-0.902809,0.809265,0.116830,-1.285591,0.880066,-1.433806,0.330114
-0.814011,-0.365677,0.504271,0.521449,1.336969,-0.082254,0.306451,-0.437737,0.181990,0.439486
-0.098310,-1.803750,0.331471,0.364561,-0.680173,-1.284387,1.475879,0.491446,-0.229081,-1.137033
-0.821815,1.302590,0.137662,-0.550587,0.509689,-0.814398,1.500843,1.352801,-0.466574,-0.628670
-2.618133,-1.481581,-1.339470,0.135190,-0.326234,-1.345335,-0.281164,0.505337,0.527839,-1.899670
-0.128263,-1.383341,0.901729,0.784146,-0.898027,-0.766045,-0.461267,-2.252793,0.335968,-0.272845
0.970175,-1.098409,-0.619123,-1.506525,-1.004291,-1.181982,0.995974,-0.698262,0.124176,-0.380763
-1.269465,-0.168300,0.599103,-1.207759,0.809113,-0.849721,-0.482984,0.530683,-0.663436,0.037575
-0.314691,0.129368,-2.380739,-1.829682,0.615967,1.037181,-0.910487,-0.244028,0.294719,0.693218
-2.027677,-0.886040,-0.332579,0.703140,2.498430,-0.228006,-1.406977,0.402268,1.320996,0.108014
-0.906649,0.957994,0.663546,-1.026081,0.381426,0.997266,1.181890,-0.066449,-0.358079,1.227274
-1.210161,0.438579,-1.370027,1.065376,-0.258046,1.268583,0.491413,-1.223220,1.424628,1.551245
0.882286,-0.761588,-0.306014,0.145427,-0.703710,1.692347,0.144326,-2.703348,0.339356,-0.348157
-0.074927,-0.368619,0.807046,1.119688,0.283053,-0.339311,-0.041337,0.019600,-0.802430,0.578929
0.460042,1.540441,1.255350,-0.685675,0.820298,-0.950953,0.695932,-0.516614,-1.023253,0.280045
-2.674567,-1.750976,-0.177492,0.082442,-0.369319,-1.579436,-0.817892,0.391209,0.581782,-0.016223
1.156834,0.397397,-0.747456,-0.280502,-1.402866,-0.108139,1.112101,0.685290,1.402009,-0.302885
1.346100,-0.193304,1.471585,-0.021857,0.707231,1.475112,-0.193428,0.218389,1.288863,-0.133003
-1.320892,2.143007,-0.469764,0.158756,1.156007,-0.608494,-1.007868,0.253737,-1.793076,-0.287906
0.245039,-0.269952,-1.543451,1.594178,0.103538,1.431152,-0.260036,-0.880012,0.269181,-0.215787
-1.177761,1.469784,-0.622270,-1.840266,1.328166,-0.504298,-0.607824,-1.765388,1.740941,-1.289481
0.058449,0.912620,0.421717,-0.059654,-1.701666,-0.809725,0.187800,-0.787174,0.203359,0.681743
0.962503,-1.226179,2.196646,0.767479,-0.001714,1.089537,2.365408,-1.438720,-0.225263,-2.378432
0.192652,0.365394,-0.039162,-0.654534,-2.049515,0.373534,1.455434,-0.591018,0.440060,-1.568144
0.457213,-0.393382,-0.762418,-0.760364,-0.393612,0.382433,-1.312163,-0.397115,-0.041472,-1.099039
1.796665,-0.853495,-0.669437,-0.978308,1.798480,0.552905,-0.936592,1.106232,0.200699,0.257253
-0.344477,-0.749416,0.337766,-0.545087,1.816756,-1.269291,1.536157,-0.111319,0.299086,0.833158
-0.630249,0.864248,-2.707544,-0.719990,-0.924063,-1.253506,-0.214955,0.385750,0.702660,0.240877
-0.665693,0.369016,0.124286,0.936056,0.776937,0.030476,-0.897253,-0.652950,-0.549789,-0.315266
0.268050,0.715174,-0.051119,0.016125,0.143306,-0.515905,-0.925392,-1.755438,-0.695149,0.473145
-0.702911,-0.237807,0.466431,0.520689,-1.079533,0.997059,1.127350,-1.129850,-0.823837,1.191091
-0.146854,-2.219778,-1.399682,-0.249370,-1.163043,-0.413424,0.032396,1.462255,-0.290454,1.072542
1.428760,1.434310,0.284755,-1.963289,0.460825,1.048400,-0.081067,1.744584,0.859834,0.568273
1.086381,0.333370,-2.492810,-0.499139,1.197168,-0.807591,-0.223473,-1.044836,1.783923,1.681492
-0.883869,0.147298,-0.680494,0.614945,0.509683,0.811706,0.331918,2.935406,-1.027924,-1.710603
-0.393090,-1.567988,-1.492462,-1.001315,-0.922189,-0.954618,0.518219,-0.506189,-0.179515,0.894233
-0.766323,-0.264546,0.365760,-1.941568,-2.384906,0.346117,0.492014,2.064220,0.158095,0.819740
-0.195473,0.297227,1.667257,-2.123993,0.413616,2.135587,0.282034,1.650573,-0.629212,-0.032047
0.033525,-2.217591,-1.168178,-1.096875,0.822066,0.872153,0.324036,0.824103,-0.164149,1.201932
0.008788,0.057864,-0.265593,0.684450,-0.421199,0.976431,-1.132149,-1.098916,0.687427,-0.088544
-0.453891,0.890058,-0.607261,-0.200201,1.399228,1.539142,1.572398,-0.282126,1.230703,-0.948953
-0.906903,-2.350456,1.672868,-0.863980,-0.126533,-0.910324,0.695165,-0.375634,-1.304817,0.441663
-1.433730,-0.837406,-2.106889,-1.423958,0.178529,-1.964536,-1.481146,-0.002369,-0.543607,1.992037
1.833897,-0.867922,0.557138,0.749283,-0.597479,-1.495542,-0.012298,-0.172846,-0.435764,0.442317
-0.750730,-1.151998,0.109083,0.385970,-1.176645,0.928091,-1.770481,-0.578113,-0.258009,-0.636224
-0.565060,1.871074,-0.850884,2.441222,0.437127,0.092055,0.476240,2.529928,-0.993593,-1.120418
-0.754866,0.032143,-1.725771,0.022339,1.693547,0.151407,-0.292685,-0.618160,0.898512,-0.825833
1.846396,1.933360,0.256751,-0.011515,1.030660,1.094799,-0.805992,-0.526555,-1.322347,0.409065
0.666628,-1.349926,-0.455199,-1.347254,-0.898800,0.551017,-0.733482,-0.300826,-1.627312,0.186990
-0.044273,-0.728959,-0.189014,0.180295,-0.814868,-1.476263,1.805574,-0.633273,-0.096760,1.010840
3.529055,-1.244486,0.449827,-0.707552,-0.538790,-0.720212,-1.125655,-0.041291,-1.474503,0.946808
0.055003,0.422435,-0.466189,-0.367204,0.287564,-1.164051,-0.357990,-0.859614,-0.890569,-2.109838
1.339327,-0.686539,1.163376,1.068792,-1.286000,-1.088411,2.560503,1.750926,-0.031519,0.257373
-0.630846,0.432353,-0.717182,-2.032354,-1.321556,0.021093,-1.131067,-0.067277,-1.074661,-0.782354
0.853165,0.247481,-0.009664,0.878964,0.480609,1.446563,-0.459859,-0.429635,-1.301109,-0.428981
0.964770,1.299987,0.960305,-1.794192,1.083145,-1.838519,0.898117,-0.367785,0.702533,-1.332448
1.171168,-1.464975,-0.668455,-0.998095,-1.754285,0.094528,1.806089,2.666905,0.097156,1.116681
0.232095,0.498883,-0.342149,0.195077,0.537479,-0.578460,-0.077494,-0.058430,0.826403,-1.066032
-0.051542,1.912005,1.164060,1.349179,0.024432,0.320998,1.002236,1.560256,-1.951603,-1.315441
1.309444,-0.276889,-0.671721,-1.254161,-0.555017,-1.402369,2.091094,-0.022436,-0.057951,0.588077
0.962345,0.945888,1.073622,-0.630846,-0.297867,0.769032,-0.527389,-0.005107,0.398764,0.785185
-1.777681,0.714746,-0.233724,0.707458,0.776932,1.607915,1.353454,1.346572,1.443670,0.291379
0.032185,0.872817,0.732081,-0.309066,0.404823,-0.035096,-0.853933,1.290461,0.055199,2.048708
-1.625492,-0.556779,0.032639,1.137381,0.399469,0.310473,-1.127264,-1.156941,0.322505,-1.364106
-0.531878,0.500917,-0.982324,1.605356,1.223936,-1.571420,-0.932371,-2.285777,-0.782591,0.766388
-0.413895,0.460797,-1.522334,0.797975,-0.555109,0.012170,-0.092875,-1.271549,-1.153084,0.967794
0.398992,1.050049,0.324658,0.142991,-1.726011,-0.270367,-0.027384,1.953107,0.686957,1.536061
0.597538,-0.711303,0.117124,0.236224,-0.939156,-0.384387,-0.205767,1.605620,-2.080741,1.205818
-0.936795,-1.372079,1.179942,0.731898,1.254519,0.800702,2.059845,0.558724,-0.156477,0.342926
1.243469,-0.779375,-0.651889,-0.308960,-2.104583,0.138078,-1.886129,0.053059,0.865290,-0.476876
1.677116,-1.460501,1.191261,0.675137,-1.716033,2.710794,-0.063745,-0.877484,-1.407087,-0.220018
-0.127407,0.102646,-0.297796,0.633225,-0.387630,-1.934964,-0.149361,-2.367478,0.353771,-0.979300
0.163360,1.314075,-0.948749,1.061256,-0.433390,1.753195,-0.365153,-0.840493,0.687238,-0.435790
-0.841450,-0.477840,-0.044607,1.342180,-1.934088,0.023081,0.624904,0.193449,1.309865,-0.074345
-0.184551,0.592330,0.099314,-0.390409,0.516144,-0.652528,-0.611177,-0.527994,1.353069,-3.221016
0.395599,0.034272,-1.680870,0.309727,0.475752,0.589639,-2.651828,1.366389,-0.737737,0.686568
0.741074,-0.876697,0.660460,-0.385493,-2.071377,1.167742,-0.775045,-0.854493,-0.403066,0.272237
-0.057270,0.548067,-1.339489,-0.742386,-0.115997,1.897887,-0.113813,1.085222,0.038555,-0.483659
-0.246724,-0.168420,0.603646,1.374611,0.359681,1.187078,-0.964790,-0.414631,-0.724303,0.314445
-0.358958,0.729773,-0.931002,0.043031,0.686858,-2.065303,2.121631,-0.283152,-2.025040,0.158094
0.033443,-0.081894,0.991191,0.747445,0.297876,0.450156,-0.104358,1.775491,-1.479196,0.139652
0.065025,0.813280,-0.843854,-1.743673,0.156823,0.281230,1.489599,-1.270362,1.154694,2.367414
-0.377765,-1.290942,-0.406974,0.014005,0.563788,-0.591395,1.555199,-1.114532,-1.739205,1.106710
-2.274621,-0.204130,3.117681,-0.012044,-1.120768,-0.057397,-0.050801,0.160650,0.662263,-1.039111
1.687548,0.245114,0.726794,-0.628149,1.286382,-0.257052,0.277553,-0.933106,-0.996932,0.688205
-0.443607,-0.853823,-0.643183,0.698953,-0.629038,-0.117655,0.015028,-1.917349,-1.471126,0.336278
-0.737029,1.056725,0.966807,0.719169,1.819772,-0.083089,0.648882,-0.584401,2.452370,1.983634
0.011880,0.386586,1.359298,-0.147140,-0.656624,0.873990,0.078439,0.182994,-0.834271,-1.717672
0.236142,0.904962,-0.225807,1.436430,-0.703916,-1.054704,-0.067230,-0.082593,0.769969,-0.774963
1.368094,1.966917,-0.039144,1.249710,-1.056497,1.075222,1.047276,0.863437,-0.015563,-2.954249
-0.641727,-0.625916,-0.978255,0.122243,-0.418963,-0.824612,-1.058800,-0.715513,1.121499,-0.661025
-0.514939,-0.456698,0.338994,0.456249,-3.044657,1.021635,1.436368,-1.050187,-0.972298,-0.450253
-0.756004,0.223927,-1.946525,-1.117928,1.539197,-0.928220,1.243428,0.355338,-1.809268,0.635329
-0.117667,-0.455467,0.244957,0.474633,0.707592,1.178253,0.408136,-1.375634,-0.473645,2.943048
0.724491,2.369287,1.395434,0.241802,0.301407,-0.036580,-1.737805,0.018047,1.210675,-0.599640
0.411953,0.851591,-0.909680,-0.451303,-1.017911,-0.822166,-1.287605,-0.900448,1.419456,-0.915477
0.126459,-0.502869,1.178866,1.311162,0.864070,0.306135,-0.231060,-1.191875,1.943529,-0.759673
0.663646,1.059566,-0.555280,1.038013,0.764213,1.727964,-0.469346,-1.285864,-0.505490,0.208854
0.058213,-0.393438,-1.909197,0.470483,1.972344,0.464251,0.609136,0.572445,0.397047,0.931666
0.395374,-0.312677,-0.795989,-0.248974,0.314129,-0.316083,0.314339,0.439150,0.833179,1.282795
0.078007,-1.307777,-0.345104,0.044063,-1.835769,1.388665,0.142378,0.381353,1.365526,-0.630143
0.574042,-0.109864,-0.184087,-0.772192,1.665603,-0.375500,0.699464,-1.875007,1.179989,1.052211
0.097434,-0.226942,0.400000,2.288791,-1.763237,0.782027,-0.911617,-0.019918,-0.247880,-0.428318
-0.010465,-1.134171,1.029180,-1.794144,0.539765,-0.326536,-1.170925,0.202383,-1.556951,0.039714
-1.422877,0.461272,-0.924357,-0.450994,0.293949,-0.772542,-0.057964,-1.513831,0.630876,1.764914
2.792209,0.091168,0.788204,-1.780626,1.502734,0.776229,-0.483933,1.237181,-0.254476,-0.458025
0.475335,-1.063354,1.021625,-1.055990,-1.050055,-0.909690,0.759500,-0.616775,-1.347996,-0.605680
-0.032042,-1.180972,-1.151681,2.111296,-0.860565,-0.323042,-0.367237,-0.421357,0.621347,0.948143
-0.305954,-1.236478,1.274440,-0.095341,1.730322,-2.245586,0.195403,1.918606,-0.353264,-0.225493
0.295512,-0.558796,-0.312072,-0.337815,-0.627421,1.228857,0.461078,0.250628,0.808571,-0.264356
-0.774204,-0.602624,0.001783,-1.059212,-0.500261,-0.516117,2.124556,-2.773815,-0.179620,1.725694
0.121844,0.753417,0.099826,-0.667333,-2.241916,0.205456,-0.775607,-0.800335,-0.498987,1.744861
2.404838,0.217208,-0.464767,-1.177226,0.468540,1.782906,-0.247340,-2.378996,0.670050,0.985400
-1.585846,0.176484,0.451226,-0.073107,-0.790771,1.015937,-0.403380,-1.485186,-2.049474,1.260850
0.616664,0.087974,-0.440275,-0.528998,-1.075737,-0.431456,-2.120087,-0.736064,-0.310938,0.609880
-0.039926,0.794923,1.349135,1.058170,0.470510,0.011863,-0.980788,0.739944,1.679747,0.342106
1.917259,-1.525572,-1.154163,0.855202,0.264290,1.313782,-0.015472,-0.867975,-0.213593,-1.532684
-1.128591,0.972444,0.872787,0.363004,-1.721078,-0.358404,-1.225000,1.176533,-0.583722,-1.085748
0.029796,-0.640154,1.483744,-0.734811,-1.399228,-2.152914,-0.030787,-0.561930,-1.428905,1.189226
0.667245,-0.028218,1.364326,0.662536,-0.822856,-1.039220,0.817982,0.396367,0.169748,-0.846498
0.607948,-0.755499,-0.101987,1.446944,-0.660834,-1.572989,-1.052547,0.994299,0.254731,-0.128877
-0.509094,0.485360,-0.849105,0.305666,-0.731255,-0.897659,-0.637487,-0.375407,-0.048830,0.235456
-3.688365,-0.807651,-0.391570,1.505062,-1.080003,0.162797,1.495030,-1.312969,0.393975,-0.802272
-0.504634,-0.803111,-0.731857,2.721912,0.844456,1.101738,0.491993,-1.606257,0.394958,1.072930
-0.853399,0.965327,0.704336,1.852040,-0.417783,-1.097611,-0.361628,1.435571,-1.828406,-2.068376
0.089395,-0.442589,0.007728,0.945312,-0.552569,-1.873006,2.044482,-0.997228,-1.059037,1.103720
-0.384489,-0.063390,0.482790,1.083583,-0.333461,1.519952,-2.135800,0.759787,-0.839528,1.372271
0.142044,-0.672905,0.662841,0.893188,0.641894,-1.029696,-0.484017,-0.004073,-0.041260,0.749745
-2.014901,0.334327,-0.289981,-0.838501,-0.742487,-0.214538,-3.601085,-0.701290,-0.875815,0.532783
-0.805527,-0.215114,1.542277,0.994352,0.902271,-0.499872,0.543032,-0.233898,-0.196093,0.409685
-0.596994,1.493003,-0.160130,0.618361,1.455600,1.031654,-1.408919,0.444896,0.850719,0.891863
-1.113295,-0.657035,0.994558,-0.761760,-0.299696,1.575876,-0.047799,-0.726774,-0.877617,0.332719
-1.333148,-0.247336,0.333231,1.299150,0.667548,-0.714065,1.178419,-0.299515,-1.235703,-0.172041
1.438169,0.165240,0.012522,1.637212,-1.431355,-1.285599,-1.615846,0.372648,0.166493,1.542736
0.243475,-0.404157,0.001795,0.117707,-1.671761,2.710332,0.519871,0.210008,0.615164,0.709411
-0.140553,-0.631241,0.599451,0.385711,-0.809890,1.419036,0.293352,0.729819,1.391921,0.021889
0.316952,0.810027,-0.724861,0.054052,0.125549,-0.956059,2.317637,-1.407293,-1.298104,1.314227
0.713266,-1.025965,0.607289,1.467850,-0.030263,2.598823,-1.724062,0.693823,1.166528,0.891344
-0.204356,-0.290441,0.444145,0.815754,0.602473,1.040058,-1.018870,-0.227771,-0.940016,-0.386113
1.015221,0.107984,2.606859,0.193406,0.059692,0.106183,-0.637809,-0.057837,1.127788,0.113971
-0.793460,-0.925085,-0.450202,0.073863,1.193587,-1.340489,-0.319826,0.144310,-1.833706,-0.833598
-0.679889,-0.795970,0.191890,-0.160560,-0.555286,0.427963,1.723075,1.639257,-1.922772,0.577072
-0.178023,0.155155,-0.398283,0.117589,0.151407,-0.578952,-0.896368,-0.448696,0.234259,0.598996
0.853349,-0.494190,0.283845,0.962503,1.165595,-0.058833,-0.220932,0.191124,-1.149707,-0.193610
0.744586,0.641947,-0.270268,0.217718,-0.824650,0.703492,-0.077821,-0.275951,-0.361724,-0.062894
-0.447878,0.658143,-0.395284,1.592964,1.465211,-0.891543,0.069704,-0.650657,-0.326648,2.002427
-0.307571,0.360226,0.541321,-1.000629,-0.855095,-1.206022,-0.885971,-2.850030,0.544582,2.054194
0.147821,-1.416269,-0.642776,-0.458877,-1.017585,0.860183,0.810260,-1.155452,0.725081,1.526813
1.902558,2.865212,-0.901993,2.824220,-0.354206,-0.592465,0.327072,-0.582061,0.399044,-1.320077
-0.238753,1.285582,-0.057061,0.141596,0.475259,1.170662,-1.655225,0.584524,-0.268139,0.166638
1.059950,-1.194187,-1.012644,-1.935430,-0.549159,1.330432,-0.120587,-1.340125,-0.485679,-1.487862
-1.125186,0.388819,-1.173873,1.112634,-0.071120,0.085595,-0.278373,0.772848,0.783160,0.335054
0.564789,-0.212090,0.542203,-0.337878,0.002232,-0.274644,-0.457219,-0.689112,0.467690,1.310606
1.171102,-1.256565,1.289203,-0.318159,0.600733,-0.906215,0.141980,0.313723,-1.484605,0.608267
1.345935,-0.174648,1.360168,-0.189693,0.849585,-2.218570,2.418778,1.495458,-0.284626,-1.972089
0.288028,-1.443926,0.444854,0.411566,-0.941403,1.120967,0.805575,0.975823,0.008858,-1.415524
0.977872,-0.270371,-1.389780,1.352039,2.099408,-0.041248,2.159121,0.091315,-0.380456,-0.630458
1.637082,-0.780144,0.735269,-0.559164,-0.460307,1.030250,-0.380037,-0.404795,1.132805,1.597397
0.644690,-0.654770,-0.510608,0.079915,0.320930,-0.987866,0.723038,0.085513,-1.715708,-0.928926
-0.504129,-0.072858,1.889279,0.238171,-0.840772,0.220631,-0.352088,0.324758,0.580568,1.209231
-0.024286,1.638961,0.908023,-0.707440,2.209856,0.326995,-0.835125,1.652913,2.077778,-0.033025
-0.503650,-0.172375,0.714732,1.277857,0.570487,0.101723,1.498012,-0.312836,1.030919,-0.288063
0.431023,-0.113563,-0.055852,-0.377387,1.344854,-0.732926,-0.740232,2.120994,0.977848,-2.385114
-0.565259,-1.811989,-0.950691,-3.138515,-0.136990,-1.141942,0.059905,-1.625121,0.082912,-0.414916
1.501953,1.411357,0.785346,-0.326614,1.985380,-1.553035,-1.403559,-0.083783,2.254038,-0.202339
-0.183245,-1.441910,0.945930,0.953176,0.789075,-0.629221,-0.706707,-1.293122,0.083873,-1.080407
-1.177417,-0.423691,-0.489156,-0.537979,0.466445,0.079048,-0.288156,0.183013,-0.991527,0.105279
0.150602,-1.503047,0.995694,-0.881434,0.090310,1.164412,0.925677,0.034333,-0.362499,0.947512
0.674695,-0.618365,-0.794894,-2.072355,0.154032,-0.082698,1.136191,0.359055,1.334229,-0.697364
1.138150,-0.528916,0.777596,-1.458758,0.235135,-1.984688,-0.267137,0.440354,-0.520969,-1.050438
0.846118,-0.103463,-0.489571,0.041896,2.636669,1.153503,1.162574,0.435546,0.166485,-2.396082
-0.678980,-0.480574,-1.874892,-1.157416,-1.980836,-0.038324,0.818766,1.106775,0.414784,-0.963396
-1.932065,-1.756869,-1.268983,-0.888860,-0.159748,-1.014164,0.338976,-0.232274,0.010546,1.140251
-1.180232,0.418705,-0.013973,-0.333486,0.885256,0.879014,-0.946491,-0.182161,0.281212,-0.273007
0.585021,0.281192,1.832561,-1.530279,-0.122436,-0.908503,0.604107,-1.617172,0.346313,-0.630048
-0.734162,-1.446498,-0.465076,1.084501,-0.025189,0.627680,1.664642,0.263756,-0.558800,0.467252
-0.544296,-0.504423,-1.519893,0.926257,-0.386003,0.182098,-1.035962,0.435948,-0.761941,-0.141709
0.877826,0.790759,-0.022030,-1.768131,2.992811,1.745859,0.722675,-0.753204,-0.113592,-0.543420
1.263856,0.262503,-0.784164,-0.470755,1.121188,1.600098,1.528332,0.757032,-0.252625,-3.241514
0.297160,-0.001829,0.139982,0.053897,-1.326262,0.557409,0.632216,0.682339,0.946577,0.604052
-0.410029,-0.070837,0.091125,0.107699,0.998218,0.643669,2.077343,2.206469,0.079650,-3.836656
1.236832,-0.540376,-0.801484,-0.398445,-0.446643,0.612270,-1.559436,-1.077721,0.343159,0.622944
0.641542,-0.787036,-0.978266,-0.506635,0.239873,1.485477,-2.047437,-0.220729,-1.332678,-1.652243
0.966957,0.544625,0.449434,0.921026,-0.479719,-0.432638,2.185731,-0.246571,0.735132,0.006382
-1.848259,-2.044629,-0.578984,1.056101,0.788292,0.914077,-0.987046,1.615872,-0.964893,0.212824
-0.010352,-0.173874,1.338592,-0.705111,-1.349605,0.019995,-0.399827,3.377383,0.676507,-0.409341
-1.056112,-1.880288,-1.025219,0.114942,1.427329,1.121689,0.229095,-0.323168,0.268812,-0.518638
1.718364,-0.189190,-0.086338,-2.215822,-0.195435,0.836484,-1.067723,-0.750720,0.792711,-1.476657
1.057801,-0.532144,-0.388568,-1.123878,0.378046,2.459872,0.781497,-0.864285,1.135621,-0.316680
1.374485,0.806676,-2.943142,-1.004080,0.944385,0.151657,-1.023756,-0.633590,-1.906237,-0.088373
2.210690,0.804933,2.190417,0.882397,1.027479,1.974079,0.377263,-0.187227,1.032658,1.453840
-0.479965,-0.721569,0.138856,0.831499,0.798091,-1.424168,1.911606,-0.641165,-0.265065,-0.902654
2.698329,0.242071,-0.850975,0.863924,0.769136,-0.187727,0.840607,-0.825292,-0.492918,-2.010217
-1.323951,1.807631,1.641429,0.065789,1.662931,-0.160074,-0.243410,0.056511,-0.124922,-0.215196
1.143398,0.150136,0.712482,1.031381,0.388186,-0.970271,-1.352866,0.148781,-0.171256,0.087391
-0.016054,2.583574,-1.330226,-1.989946,0.332377,-0.376423,0.316068,0.583883,1.284105,-1.507226
-0.556718,0.428761,0.770464,2.193450,0.955704,-0.056789,-0.890436,-0.564290,-0.592703,0.655234
0.256997,-1.323650,-0.435901,0.877548,0.351662,0.568645,0.382922,1.626431,0.236043,-0.386023
-0.915755,0.249609,-2.440704,-0.184289,-0.205840,-1.364471,-0.928266,0.809658,0.230712,0.101788
0.306348,0.092628,1.242863,0.123429,-1.458213,1.630130,0.370340,-0.589254,-1.253402,0.395914
-0.117172,1.574147,-0.345907,-0.837381,0.895796,0.925282,0.168651,0.676357,-0.037687,0.233865
1.164991,0.625318,-0.169274,1.352363,-2.364855,2.052073,-1.705959,-0.627093,-0.040918,-0.146481
1.006411,-1.057837,0.260767,-0.578212,0.295141,-0.064772,0.092936,-0.549925,-0.510064,0.287273
0.943716,-0.598279,-0.868768,0.613460,-0.032504,0.830498,-0.905797,-1.779439,-0.533004,-0.766353
-0.078788,-0.636845,0.741017,-0.288150,0.150474,0.157635,0.194955,-0.024129,0.510601,-0.795655
1.399418,-0.236537,-1.311549,0.188073,-0.851180,0.665335,2.209606,-0.786572,0.332372,-1.755506
0.453905,-0.885714,-0.624835,-1.101286,0.732151,1.007304,0.023385,-0.864427,1.589523,-0.750410
-2.162032,0.458389,-1.104775,0.988609,-0.381138,0.603713,1.401500,-1.208859,-0.565937,-0.075671
1.537551,-0.658383,-0.594504,0.478141,-0.577229,0.152526,-1.551537,2.214330,-1.347709,-0.321753
-0.032481,1.912688,-1.324846,1.983704,0.757177,0.417095,-0.984634,0.571141,-0.723487,1.266661
-0.971062,-0.113158,-0.555273,-0.987523,0.741320,0.535459,1.209010,-1.779875,1.064171,2.505449
-0.451641,1.895149,-0.263161,-1.372410,-0.305632,1.048204,-0.838176,-0.600339,0.593539,0.003060
0.584623,0.237830,0.479625,-0.432301,0.231731,-0.927373,1.288434,-0.634275,1.128847,-0.233607
0.201999,-0.494965,-1.015995,-1.744760,-1.055324,-0.323909,0.211879,1.010379,-0.445757,-0.881961
-1.442715,0.480064,1.383195,1.266330,0.709933,0.638543,1.697624,0.332081,0.646130,-0.320784
-1.362043,-0.683849,-0.009159,0.060785,1.926286,0.081277,1.178843,-0.435077,-0.311676,-1.329008
-0.742328,0.526981,0.007560,0.942939,0.181254,-0.352454,2.148297,-0.093904,1.163001,-0.401209
0.709599,0.928016,0.208492,-2.354483,0.018252,1.230460,0.527481,0.445839,-1.722257,-0.720455
0.411358,0.410383,1.214667,-0.144867,0.405824,0.016374,-0.986943,-2.255791,0.431010,0.173947
-0.618175,-1.619173,0.629740,-0.265920,0.556875,1.864049,-2.141431,-0.699601,-0.209376,1.454826
-1.636403,1.935861,0.135856,-0.096001,-0.198060,-0.436263,1.048117,-1.068521,0.345414,-0.384182
-0.762133,2.585975,0.419051,0.613266,1.137777,-1.421350,1.752292,-2.508957,-0.768766,-0.459032
0.581723,0.218718,-0.166815,-0.011997,-0.978023,-1.497232,0.726512,0.693706,1.584494,-0.790017
0.692815,-0.283707,1.190475,1.021963,0.211209,-0.339530,0.960932,0.646905,-0.684440,-1.327799
-0.288533,1.515414,1.146487,-1.112327,-1.167757,1.274684,-1.135636,0.509295,-0.616071,1.617045
-0.770425,1.143362,0.184859,0.252195,-1.970309,-2.202913,-0.220566,0.246906,-1.125198,-1.088693
0.561473,0.562854,-0.137741,0.780202,-1.174202,-0.355935,1.647878,0.068322,0.126313,2.305947
-1.399342,0.796430,1.663986,-0.324858,0.859631,-0.982019,-0.686732,0.384966,0.798567,1.120937
1.569629,-0.067447,1.193612,-0.342305,0.902091,0.207489,0.445678,0.423508,-1.604705,-1.124122
0.102541,-1.687279,0.831211,0.871556,0.327171,-1.121134,1.380139,2.037211,0.147077,0.510535
0.201739,0.530369,-0.119559,-0.034564,0.905718,2.345624,-1.400071,-0.103812,-1.180460,1.592025
-0.587738,-1.443201,0.638187,1.744311,0.663598,0.204798,0.409141,1.414841,-0.874199,-0.111847
-0.452690,-1.167865,-0.328375,1.107721,0.566602,0.644311,0.146476,0.523324,-0.800590,-0.309510
0.192004,0.277516,0.320188,-0.138335,-0.377423,3.157771,0.906787,0.413147,-0.233208,-0.451219
-0.130801,0.292829,-1.880436,-1.569390,-0.636882,0.207139,-0.239273,1.478121,-1.482397,-0.751345
1.520092,0.131119,0.884843,2.051247,-0.693804,-0.099314,-0.272427,-1.954593,-0.310397,0.881062
0.540590,0.619083,-0.375509,-0.656097,1.269256,-0.497317,0.294082,0.163335,1.461717,0.971412
-1.295259,-1.187553,0.578910,-0.064338,-0.455172,1.015628,0.187459,0.052457,0.779829,-0.375109
1.568519,-0.788048,0.656929,1.433833,-1.377295,-0.343335,1.142207,1.157245,-0.171496,-0.734671
0.955936,1.183549,-1.164663,-1.203914,0.225257,0.629361,-0.299069,0.679294,-0.710137,-2.114694
-0.423901,0.063232,-0.275840,-1.158603,-1.815649,-0.514089,0.897656,1.256197,1.187713,-0.815910
-1.153706,0.496635,0.635100,0.400170,-2.014063,-0.866885,-0.029689,0.487218,0.767307,0.144254
0.330784,0.084865,0.685619,0.312866,0.065738,-0.268369,0.081291,0.484591,0.267475,0.380826
1.342722,0.265164,-0.648999,0.883607,-1.366198,-1.081413,0.335847,0.516397,-1.245051,-0.382817
-0.606084,-0.486676,0.943598,0.706505,-0.019122,-0.545962,-1.349650,1.420185,0.592114,-0.706669
0.719599,-0.070224,-0.287110,0.435212,-0.741498,-0.343757,0.121461,-0.499451,0.669085,1.869067
-0.754298,-1.665125,-2.001740,-0.150468,-0.663165,0.207861,0.132598,-1.603217,-1.814884,0.295933
0.135429,-0.425818,-1.657144,0.471391,1.271900,0.277982,-0.847474,0.044552,-1.366114,1.057961
0.081844,-1.768157,-0.300674,0.463302,-0.333048,-0.275896,-1.224402,0.566541,-0.648469,-2.156445
-0.371257,0.981150,-0.386929,1.737985,0.428968,0.338758,-0.128398,-0.068286,-0.263424,-0.302269
0.530867,-0.935831,-1.075894,-1.123195,2.045655,0.530343,0.304492,-1.057515,0.623342,-0.116571
0.214169,-0.976620,0.160269,-0.423834,-0.765611,0.734106,-1.537708,0.564776,0.684486,-0.879644
-0.820328,-0.223026,0.282036,-0.152855,0.433562,1.762980,-0.507717,-1.715180,0.825924,1.683315
0.392768,-1.087749,-0.123892,-1.118523,0.642855,-1.351290,-0.300129,-1.004338,0.126825,-0.366342
0.176762,0.022351,-0.986659,0.626877,-0.048766,-0.988529,2.240927,0.476430,-0.153261,1.415205
1.841816,-0.145349,0.347397,-0.988003,-0.147193,-0.199063,0.184827,0.332760,0.559828,0.237643
-1.210743,-0.938467,-0.546408,-0.282241,1.050774,-1.162939,-0.357415,0.953009,-0.299877,0.460416
-0.139542,0.256783,-0.228473,0.667065,-1.545056,-0.363312,0.296573,0.533695,1.492953,-0.391025
1.479482,-0.659024,1.328646,0.817467,-0.913459,0.307039,-0.051236,0.625585,-0.223272,-0.307246
1.369095,-0.098721,0.826422,-0.225351,1.666663,-0.678335,-0.614144,1.524517,-0.444946,1.601074
0.891841,-0.154650,-1.813293,-0.019318,0.101630,1.167218,1.588447,-0.684987,0.801182,0.765402
1.073413,0.498690,-1.942498,-0.155422,-1.155708,-0.202606,0.980004,0.305151,1.148091,0.341754
-1.298326,-2.520847,0.148809,-0.213926,-0.976946,-1.700627,-0.734743,-0.194491,0.665878,0.188631
1.608067,-1.035604,0.881059,0.047299,0.694669,-0.436515,1.071680,0.295225,-0.679445,-0.012024
-0.239556,0.489178,-1.179777,-0.029352,0.395307,0.033023,1.346941,0.774023,-0.007481,0.216689
0.295666,0.403300,-1.825658,-0.301526,-1.484439,1.278281,-0.060850,-0.193341,0.896797,0.422325
-1.128635,-0.070905,-0.335167,-1.744533,-0.690276,-0.183540,-0.114951,-1.482231,1.151666,-0.102103
0.037553,0.400642,-0.788076,0.456356,-0.367075,-0.896586,0.573447,1.491674,0.724829,0.922978
-0.520631,-1.597620,1.490138,2.054515,1.542807,-0.335786,-1.154634,-1.065683,-1.683733,-0.107379
1.605678,-0.141663,0.302323,1.375597,-0.404095,2.035531,1.992094,-0.131111,-0.577534,0.697238
-0.347525,-1.156555,1.281239,1.216447,0.155512,-1.262865,-1.229526,0.107229,-0.499871,-0.341093
1.021963,0.733179,1.378143,-0.990623,-0.343192,0.758982,0.448078,1.532380,0.420537,1.848109
0.540018,1.062167,-0.323515,0.014287,0.910944,1.612978,0.729237,-0.083172,1.377335,-2.191979
-1.422235,0.681634,0.014108,0.605514,0.064408,0.570946,-0.814403,0.570486,0.994415,1.220551
2.013554,0.244098,0.273911,-1.523172,-0.531411,-0.193082,1.050320,-0.611001,0.796340,-0.001622
-0.177168,0.248894,-0.391156,-0.429037,-1.704786,-0.247954,-0.479968,-0.515981,0.416873,0.658632
0.232195,0.995415,0.575562,-0.295056,-0.462856,0.312822,0.573767,1.397844,1.191173,-0.541473
-0.102006,0.671018,1.067998,0.938969,-0.063878,-1.254023,-0.998936,0.272634,0.342226,-1.098679
0.044570,0.631224,-1.151227,1.104997,-0.377531,1.257613,-0.533452,-1.026625,-0.458137,-0.095148
-0.388480,-0.216001,0.333965,-0.171179,-0.066112,-1.709226,0.391698,-0.089203,1.610293,-0.939565
-1.808295,0.618068,0.346527,-1.008433,-1.529749,1.537397,1.414110,-2.487457,-0.458223,1.664192
-0.476063,-0.490612,-0.282759,-1.120897,-1.704776,1.052547,-1.842937,0.247271,0.886579,-1.451226
-0.924268,1.213179,0.532892,-0.617286,1.202249,1.206536,0.269053,-0.900160,-0.413449,0.286387
-0.188595,0.938957,-1.529774,-1.494264,0.180871,-0.491544,-0.627049,-1.768057,0.019546,-0.052755
0.653479,0.068906,-0.132604,1.177001,-1.312467,0.536389,-1.671147,-0.838362,-1.212657,0.781943
-0.065410,-0.013503,-1.106733,-0.299693,-0.763465,0.383455,-0.991091,1.329794,-1.675580,-0.806520
1.677201,-0.435139,-1.314879,0.219072,-0.475392,-0.835870,-1.095871,2.768374,-0.251552,-1.925567
1.493710,0.611071,-0.766466,-0.933119,0.673473,-0.246918,-1.925978,1.787240,-0.433990,1.495572
1.278435,-1.001010,1.033190,-0.651443,-1.866701,-0.424598,0.397638,-0.462737,-0.307048,1.143566
0.106494,-0.843298,0.702030,0.197676,-2.521605,0.428353,0.391829,0.020121,0.891701,-0.672394
0.336500,-1.566959,0.407090,1.953060,-0.994856,-0.759802,-0.710015,0.129998,-1.063036,0.421247
0.846840,0.534347,-1.768415,0.995168,0.937367,0.830161,0.372842,0.220189,1.032389,1.923513
-0.953040,1.078125,-0.086217,-0.129673,-1.536531,-0.284789,-0.997265,-0.463854,-1.098186,-0.448908
-0.406110,0.096755,-1.614750,-1.445518,0.361914,-0.797438,1.074530,0.225270,0.606762,1.410692
-0.309711,-0.574487,0.871703,0.509514,-0.187330,1.391458,-0.212244,0.032774,0.021223,-0.934594
0.077585,1.396760,0.444968,0.031063,-0.161767,0.330867,0.749767,0.609239,-0.331865,0.324782
0.479940,-1.007195,0.168231,-2.161304,0.482534,0.660343,0.747546,-0.395047,0.309047,1.423954
1.413770,-0.029173,0.139320,1.110911,-1.500802,-0.323076,1.335570,0.975201,0.369264,-1.505832
-0.049910,-0.589915,0.331039,-0.809347,-1.025723,-2.064865,1.221805,-0.399771,0.157146,-0.002238
-1.067434,-1.259065,-1.005315,-0.723168,0.366606,-0.795718,1.746491,1.027151,0.808360,-0.119659
1.514281,-0.218006,-0.031261,0.169975,0.701823,0.636908,-0.475125,-0.532994,0.639903,0.715237
-0.393351,-1.587188,-0.207316,0.623526,1.805417,-1.197958,-0.426571,-0.389404,1.355805,-0.034942
-0.907327,0.558695,-0.404639,-1.224387,-0.892773,1.734042,0.384209,0.107760,-0.249894,0.292149
0.280236,0.292169,0.114845,0.868798,0.023104,-0.977939,-0.612423,-1.979019,2.026817,0.862755
-0.830070,-0.281845,-0.636876,1.542547,-1.419877,0.114476,-0.108528,0.826839,-0.104009,-1.758209
-0.251118,-0.972162,0.079580,1.434177,-1.739425,-0.800223,-0.552693,-0.381631,0.740126,-0.173544
0.415803,-0.625773,0.229924,0.777798,-0.732300,0.781358,0.052373,1.045460,-0.201420,0.381245
-0.040606,-0.096212,0.258930,0.536807,-1.249565,1.433634,-1.859663,-0.684812,-0.094269,0.412356
1.576173,-1.858291,-0.507694,-2.126833,0.031622,0.271684,1.590796,0.120635,1.044025,0.583837
-0.435248,-1.408961,0.275002,-1.492102,1.295207,-0.162062,1.195177,-0.480214,0.268851,0.209349
-0.045044,-0.432660,0.392456,-0.926163,-1.209435,1.242827,0.727168,0.065892,1.665142,-0.267766
1.322703,0.175574,-1.024751,1.848040,0.990711,-0.121021,0.727171,-0.403703,0.829149,-2.391079
-1.019801,0.979260,-0.249656,0.207542,-1.346786,1.847867,1.190530,-0.200685,-0.404696,1.029604
1.982470,0.953760,2.171803,-0.922351,-0.819387,-1.188941,0.441761,0.175604,-0.151951,0.809259
1.232329,-1.525662,-0.596972,0.820144,-0.467739,-0.798206,1.018537,-1.289500,-0.301580,0.328644
-0.573820,0.783156,-0.568877,1.408619,-0.125746,0.671270,0.746024,-0.627540,-2.053487,0.360756
0.072288,0.555826,-0.226527,-0.430428,2.008473,-1.472354,0.733950,-0.574602,-0.335779,-0.317103
-0.803434,0.571224,1.390644,0.470014,0.103382,-0.986440,0.516825,2.156350,-0.380695,-0.375984
-0.561089,-0.489414,-2.745300,0.405035,-0.845552,-1.610263,0.753190,-1.082018,-0.338669,1.466442
-1.409216,-1.532598,0.269306,1.149487,-1.574342,0.407690,0.581000,-2.059160,0.798501,0.876606
-0.311786,1.252346,1.136456,0.103118,-0.451445,-0.972828,-0.037564,0.569759,-0.324177,-2.197501
1.268714,0.190223,-0.379624,0.857158,1.524639,-2.801912,0.434264,-1.426649,0.499111,0.127927
0.635727,-0.499248,-1.873240,-0.450368,0.406848,1.015392,-1.171831,1.027060,-0.647872,0.362450
-0.509894,0.182171,0.891878,-1.227014,-0.679906,0.184963,2.401584,-0.863190,2.040134,2.004423
-0.097311,-0.298153,-0.692065,-0.068203,-1.406719,-0.076239,1.496880,-0.611085,-0.240724,-1.701140
0.374062,0.264482,0.063702,-0.216827,-0.292758,0.501900,-0.028817,0.314972,0.214983,1.123427
0.676994,0.192862,1.518422,0.420269,1.304963,0.606943,-1.841919,1.304835,0.135176,-0.051955
0.281348,-0.344983,0.227029,-0.591876,1.274272,-0.113588,-0.382584,-0.924926,0.268776,0.187107
0.388425,-1.027252,-1.601181,0.625591,1.484642,-1.026354,1.589441,0.283911,-0.007063,-0.397549
-1.384518,0.987729,-0.775606,-0.779807,0.991926,-1.882983,-1.523598,-0.018134,0.293284,0.484735
-0.301798,2.530370,-0.227893,-0.230786,-0.796987,0.123907,0.614961,1.203578,-1.489284,-0.245995
0.446704,0.587058,0.006549,0.542424,-0.808964,1.557905,0.992628,-1.344928,-1.075103,-1.046922
0.677970,-1.284728,-0.331024,0.454704,-0.066166,0.258888,-1.065803,0.594854,-0.613212,-0.324620
0.237732,0.103078,0.023980,-0.750627,-0.299549,0.002184,-1.375085,-0.462533,0.387680,-1.277437
1.156582,1.269613,-1.245151,1.357620,-0.143582,0.418515,-0.496651,0.923045,0.406094,-0.814153
-1.165202,-1.460302,0.187942,0.572471,0.650966,-0.117981,-1.156996,-0.682075,1.152349,-0.484629
0.143418,-1.075650,0.336583,-0.457685,1.046713,0.773558,-0.495706,-0.126664,-0.551116,-1.419433
-0.857442,0.198217,0.325259,0.148548,-0.301733,0.933067,0.063542,0.703254,-1.773775,-3.922400
0.283788,-1.424766,-0.212452,-0.302097,1.587401,0.399997,0.165859,0.836991,0.368498,-0.457677
1.071476,-1.109750,0.323247,-1.547570,0.203944,0.192990,1.676455,-1.564974,-0.600887,0.822682
0.335317,0.180305,-0.956136,-0.590818,1.245041,-0.051509,0.375360,-0.115188,-1.183086,0.933810
0.503232,2.305637,-1.015581,0.822573,-1.311544,0.157347,0.976507,-2.072135,-0.204932,-0.563210
-0.701957,0.385213,1.120686,-0.133279,0.205486,0.114309,0.001804,-1.089343,1.108445,0.295195
0.394881,-0.806510,-0.459220,-0.176134,-1.534125,-1.688034,-0.600748,0.522521,-0.653137,-1.018805
-0.814686,-0.455342,-0.353859,2.165521,1.054621,1.024774,1.168580,-0.998821,-1.222365,-1.106870
1.334506,-0.547192,-1.251356,-0.430996,-0.238606,0.268413,0.250951,-0.828181,0.685656,-0.639194
-0.156276,0.686774,-0.641821,-0.569351,0.591668,-0.857733,-0.384792,0.555742,2.054092,0.605405
0.472640,0.530802,-1.073190,0.115597,-0.029766,0.321585,0.116508,0.379700,-0.311467,0.058609
-1.227829,-0.319907,1.390834,0.318808,-0.020921,1.896123,-1.360835,-1.109456,1.712711,0.045961
-0.242583,-1.199204,0.447696,0.544460,-1.094494,-0.140276,-0.335516,0.255977,-1.119250,1.251947
0.915824,-0.363176,-0.216419,-0.136422,-0.778309,-0.443429,-0.270270,1.612868,0.946618,0.934655
0.369926,-1.117327,-0.041491,0.970488,-1.258265,0.636553,2.322609,1.061817,1.414029,0.218339
0.967932,-0.717853,0.795864,0.654388,0.289911,1.316007,-0.538785,-0.187058,0.095462,-1.029611
0.226932,-1.718930,1.046955,0.046637,-0.520893,-0.834374,-0.234579,0.688260,0.547739,-0.705538
-0.846040,0.656899,-0.722347,0.059910,0.123755,0.312062,0.858270,-1.262963,-1.911159,-0.567447
1.801528,2.022174,1.831177,-0.192981,-1.782115,-2.343039,-0.614038,-0.198074,1.300625,0.867805
0.227405,-0.889845,-0.960780,0.254128,0.697051,0.391881,-1.034598,0.650668,0.425911,-1.070666
-0.784321,0.688496,-0.234508,1.589147,0.501129,-0.486631,-0.010206,0.063383,-0.728390,-0.912588
0.701390,0.845273,0.603781,1.515318,-0.541773,1.674271,-0.900921,-1.012686,-1.759959,-0.445795
-0.503722,0.525937,0.243891,-1.192973,-0.392726,-0.371462,-1.775982,-0.980947,-0.770814,1.433625
0.191451,0.662169,-1.498635,1.194214,1.301102,-1.998345,-0.705317,0.495766,0.644388,-0.678495
-0.305499,-0.597381,0.110418,1.197179,-0.771042,1.000820,-0.781672,-0.847627,0.818595,0.921936
